split,target_city,h2oplus_reward,cfcmt_reward,cfcmt_reward_gain,cfcmt_regret_ratio,cfcmt_headway_error_ratio
source_open_na_to_singapore,Singapore,-0.3337889029760189,-0.3336924231313957,9.647984462318737e-05,0.8959311579685487,1.000693426928597
source_singapore_austin_halifax_to_mbta,MBTA,-0.3428691728084694,-0.3379899138754503,0.004879258933019104,0.6200887529720658,0.9966875598085302
leave_one_city_out_all::singapore_lta_all,Singapore,-0.3337889029760189,-0.3336924231313957,9.647984462318737e-05,0.8959311579685487,1.000693426928597
leave_one_city_out_all::austin_capmetro_all,Austin / CapMetro,-0.33263505021329753,-0.33198324043505245,0.0006518097782450827,0.8750012254851525,0.9994844870990023
leave_one_city_out_all::halifax_transit_all,Halifax Transit,-0.3306840485548299,-0.33121656170093067,-0.0005325131461007548,1.1112741696979653,0.9997902285546771
leave_one_city_out_all::mbta_all,MBTA,-0.3428691728084694,-0.3379899138754503,0.004879258933019104,0.6200887529720658,0.9966875598085302
