policy,episodes,mean_reward,mean_headway_abs_error,mean_hold_seconds
no_hold,2,-196.81955903142858,111.55763680483525,0.0
fixed_30,2,-173.81352282245788,97.31463871796925,30.0
h2oplus_dense_policy,2,-183.18284572315616,92.92469957986393,12.170608108108109
cfcmt_mechanism_policy,2,-193.45544021839095,103.29783254193762,3.3625
cfcmt_similarity_weighted_policy,2,-175.84843260325465,97.06669009049733,2.475
