policy,episodes,mean_reward,mean_headway_abs_error,mean_hold_seconds
no_hold,2,-217.26525131695934,112.1612398147583,0.0
fixed_30,2,-209.38019141511634,113.99755785544713,30.0
h2oplus_dense_policy,2,-176.8746747462895,117.57452189406834,11.797297297297296
cfcmt_mechanism_policy,2,-171.37749689402048,87.89484232187272,3.775
cfcmt_similarity_weighted_policy,2,-165.9477523296634,97.59025704286992,1.8125
