source_size,splits,cfcmt_wins_vs_h2oplus,mean_ratio_vs_h2oplus
1,12,6,0.9271551936716488
2,12,8,0.8704590326150136
3,4,4,0.7587172944859035
