slot_index,clock_time,signal_id,detector_role,direction,movement,median_count,selected_window
0,0:00:00,7243,external_origin,E,L,0.000000,0
0,0:00:00,7243,external_origin,E,T,6.000000,0
0,0:00:00,7243,external_origin,E,TR,2.000000,0
0,0:00:00,7243,internal_destination,W,T,9.000000,0
0,0:00:00,7243,internal_destination,W,TR,3.000000,0
0,0:00:00,7243,external_origin,N,L,0.000000,0
0,0:00:00,7243,external_origin,N,TR,2.000000,0
0,0:00:00,7243,external_origin,S,L,1.000000,0
0,0:00:00,7243,external_origin,S,TR,2.000000,0
0,0:00:00,7142,internal_destination,E,L,1.000000,0
0,0:00:00,7142,internal_destination,E,T,5.000000,0
0,0:00:00,7142,internal_destination,E,R,2.000000,0
0,0:00:00,7142,external_origin,W,L,1.000000,0
0,0:00:00,7142,external_origin,W,T,8.000000,0
0,0:00:00,7142,external_origin,W,R,1.000000,0
0,0:00:00,7142,external_origin,N,L,2.000000,0
0,0:00:00,7142,external_origin,N,T,8.000000,0
0,0:00:00,7142,external_origin,N,TR,4.000000,0
0,0:00:00,7142,external_origin,S,L,2.000000,0
0,0:00:00,7142,external_origin,S,T,7.000000,0
0,0:00:00,7142,external_origin,S,TR,6.000000,0
1,0:05:00,7243,external_origin,E,L,0.000000,0
1,0:05:00,7243,external_origin,E,T,6.000000,0
1,0:05:00,7243,external_origin,E,TR,2.000000,0
1,0:05:00,7243,internal_destination,W,T,11.000000,0
1,0:05:00,7243,internal_destination,W,TR,3.000000,0
1,0:05:00,7243,external_origin,N,L,0.000000,0
1,0:05:00,7243,external_origin,N,TR,1.000000,0
1,0:05:00,7243,external_origin,S,L,1.000000,0
1,0:05:00,7243,external_origin,S,TR,2.000000,0
1,0:05:00,7142,internal_destination,E,L,1.000000,0
1,0:05:00,7142,internal_destination,E,T,6.000000,0
1,0:05:00,7142,internal_destination,E,R,2.000000,0
1,0:05:00,7142,external_origin,W,L,1.000000,0
1,0:05:00,7142,external_origin,W,T,8.000000,0
1,0:05:00,7142,external_origin,W,R,1.000000,0
1,0:05:00,7142,external_origin,N,L,2.000000,0
1,0:05:00,7142,external_origin,N,T,6.000000,0
1,0:05:00,7142,external_origin,N,TR,3.000000,0
1,0:05:00,7142,external_origin,S,L,2.000000,0
1,0:05:00,7142,external_origin,S,T,5.000000,0
1,0:05:00,7142,external_origin,S,TR,6.000000,0
2,0:10:00,7243,external_origin,E,L,0.000000,0
2,0:10:00,7243,external_origin,E,T,6.000000,0
2,0:10:00,7243,external_origin,E,TR,2.000000,0
2,0:10:00,7243,internal_destination,W,T,10.000000,0
2,0:10:00,7243,internal_destination,W,TR,4.000000,0
2,0:10:00,7243,external_origin,N,L,0.000000,0
2,0:10:00,7243,external_origin,N,TR,1.000000,0
2,0:10:00,7243,external_origin,S,L,0.000000,0
2,0:10:00,7243,external_origin,S,TR,1.000000,0
2,0:10:00,7142,internal_destination,E,L,1.000000,0
2,0:10:00,7142,internal_destination,E,T,6.000000,0
2,0:10:00,7142,internal_destination,E,R,2.000000,0
2,0:10:00,7142,external_origin,W,L,1.000000,0
2,0:10:00,7142,external_origin,W,T,7.000000,0
2,0:10:00,7142,external_origin,W,R,1.000000,0
2,0:10:00,7142,external_origin,N,L,2.000000,0
2,0:10:00,7142,external_origin,N,T,6.000000,0
2,0:10:00,7142,external_origin,N,TR,3.000000,0
2,0:10:00,7142,external_origin,S,L,2.000000,0
2,0:10:00,7142,external_origin,S,T,4.000000,0
2,0:10:00,7142,external_origin,S,TR,6.000000,0
3,0:15:00,7243,external_origin,E,L,0.000000,0
3,0:15:00,7243,external_origin,E,T,5.000000,0
3,0:15:00,7243,external_origin,E,TR,1.000000,0
3,0:15:00,7243,internal_destination,W,T,9.000000,0
3,0:15:00,7243,internal_destination,W,TR,3.000000,0
3,0:15:00,7243,external_origin,N,L,0.000000,0
3,0:15:00,7243,external_origin,N,TR,1.000000,0
3,0:15:00,7243,external_origin,S,L,1.000000,0
3,0:15:00,7243,external_origin,S,TR,1.000000,0
3,0:15:00,7142,internal_destination,E,L,1.000000,0
3,0:15:00,7142,internal_destination,E,T,5.000000,0
3,0:15:00,7142,internal_destination,E,R,1.000000,0
3,0:15:00,7142,external_origin,W,L,1.000000,0
3,0:15:00,7142,external_origin,W,T,7.000000,0
3,0:15:00,7142,external_origin,W,R,1.000000,0
3,0:15:00,7142,external_origin,N,L,2.000000,0
3,0:15:00,7142,external_origin,N,T,5.000000,0
3,0:15:00,7142,external_origin,N,TR,3.000000,0
3,0:15:00,7142,external_origin,S,L,1.000000,0
3,0:15:00,7142,external_origin,S,T,4.000000,0
3,0:15:00,7142,external_origin,S,TR,5.000000,0
4,0:20:00,7243,external_origin,E,L,0.000000,0
4,0:20:00,7243,external_origin,E,T,5.000000,0
4,0:20:00,7243,external_origin,E,TR,1.000000,0
4,0:20:00,7243,internal_destination,W,T,8.000000,0
4,0:20:00,7243,internal_destination,W,TR,3.000000,0
4,0:20:00,7243,external_origin,N,L,0.000000,0
4,0:20:00,7243,external_origin,N,TR,1.000000,0
4,0:20:00,7243,external_origin,S,L,0.000000,0
4,0:20:00,7243,external_origin,S,TR,1.000000,0
4,0:20:00,7142,internal_destination,E,L,1.000000,0
4,0:20:00,7142,internal_destination,E,T,5.000000,0
4,0:20:00,7142,internal_destination,E,R,1.000000,0
4,0:20:00,7142,external_origin,W,L,1.000000,0
4,0:20:00,7142,external_origin,W,T,6.000000,0
4,0:20:00,7142,external_origin,W,R,1.000000,0
4,0:20:00,7142,external_origin,N,L,2.000000,0
4,0:20:00,7142,external_origin,N,T,5.000000,0
4,0:20:00,7142,external_origin,N,TR,3.000000,0
4,0:20:00,7142,external_origin,S,L,1.000000,0
4,0:20:00,7142,external_origin,S,T,3.000000,0
4,0:20:00,7142,external_origin,S,TR,4.000000,0
5,0:25:00,7243,external_origin,E,L,0.000000,0
5,0:25:00,7243,external_origin,E,T,5.000000,0
5,0:25:00,7243,external_origin,E,TR,1.000000,0
5,0:25:00,7243,internal_destination,W,T,8.000000,0
5,0:25:00,7243,internal_destination,W,TR,3.000000,0
5,0:25:00,7243,external_origin,N,L,0.000000,0
5,0:25:00,7243,external_origin,N,TR,1.000000,0
5,0:25:00,7243,external_origin,S,L,0.000000,0
5,0:25:00,7243,external_origin,S,TR,1.000000,0
5,0:25:00,7142,internal_destination,E,L,1.000000,0
5,0:25:00,7142,internal_destination,E,T,5.000000,0
5,0:25:00,7142,internal_destination,E,R,1.000000,0
5,0:25:00,7142,external_origin,W,L,1.000000,0
5,0:25:00,7142,external_origin,W,T,7.000000,0
5,0:25:00,7142,external_origin,W,R,1.000000,0
5,0:25:00,7142,external_origin,N,L,1.000000,0
5,0:25:00,7142,external_origin,N,T,4.000000,0
5,0:25:00,7142,external_origin,N,TR,3.000000,0
5,0:25:00,7142,external_origin,S,L,1.000000,0
5,0:25:00,7142,external_origin,S,T,3.000000,0
5,0:25:00,7142,external_origin,S,TR,4.000000,0
6,0:30:00,7243,external_origin,E,L,0.000000,0
6,0:30:00,7243,external_origin,E,T,5.000000,0
6,0:30:00,7243,external_origin,E,TR,1.000000,0
6,0:30:00,7243,internal_destination,W,T,8.000000,0
6,0:30:00,7243,internal_destination,W,TR,3.000000,0
6,0:30:00,7243,external_origin,N,L,0.000000,0
6,0:30:00,7243,external_origin,N,TR,1.000000,0
6,0:30:00,7243,external_origin,S,L,0.000000,0
6,0:30:00,7243,external_origin,S,TR,1.000000,0
6,0:30:00,7142,internal_destination,E,L,0.000000,0
6,0:30:00,7142,internal_destination,E,T,4.000000,0
6,0:30:00,7142,internal_destination,E,R,1.000000,0
6,0:30:00,7142,external_origin,W,L,1.000000,0
6,0:30:00,7142,external_origin,W,T,6.000000,0
6,0:30:00,7142,external_origin,W,R,1.000000,0
6,0:30:00,7142,external_origin,N,L,1.000000,0
6,0:30:00,7142,external_origin,N,T,5.000000,0
6,0:30:00,7142,external_origin,N,TR,2.000000,0
6,0:30:00,7142,external_origin,S,L,1.000000,0
6,0:30:00,7142,external_origin,S,T,3.000000,0
6,0:30:00,7142,external_origin,S,TR,4.000000,0
7,0:35:00,7243,external_origin,E,L,0.000000,0
7,0:35:00,7243,external_origin,E,T,5.000000,0
7,0:35:00,7243,external_origin,E,TR,1.000000,0
7,0:35:00,7243,internal_destination,W,T,8.000000,0
7,0:35:00,7243,internal_destination,W,TR,3.000000,0
7,0:35:00,7243,external_origin,N,L,0.000000,0
7,0:35:00,7243,external_origin,N,TR,1.000000,0
7,0:35:00,7243,external_origin,S,L,0.000000,0
7,0:35:00,7243,external_origin,S,TR,1.000000,0
7,0:35:00,7142,internal_destination,E,L,1.000000,0
7,0:35:00,7142,internal_destination,E,T,5.000000,0
7,0:35:00,7142,internal_destination,E,R,1.000000,0
7,0:35:00,7142,external_origin,W,L,1.000000,0
7,0:35:00,7142,external_origin,W,T,7.000000,0
7,0:35:00,7142,external_origin,W,R,1.000000,0
7,0:35:00,7142,external_origin,N,L,1.000000,0
7,0:35:00,7142,external_origin,N,T,5.000000,0
7,0:35:00,7142,external_origin,N,TR,2.000000,0
7,0:35:00,7142,external_origin,S,L,2.000000,0
7,0:35:00,7142,external_origin,S,T,4.000000,0
7,0:35:00,7142,external_origin,S,TR,4.000000,0
8,0:40:00,7243,external_origin,E,L,0.000000,0
8,0:40:00,7243,external_origin,E,T,5.000000,0
8,0:40:00,7243,external_origin,E,TR,1.000000,0
8,0:40:00,7243,internal_destination,W,T,8.000000,0
8,0:40:00,7243,internal_destination,W,TR,3.000000,0
8,0:40:00,7243,external_origin,N,L,0.000000,0
8,0:40:00,7243,external_origin,N,TR,1.000000,0
8,0:40:00,7243,external_origin,S,L,0.000000,0
8,0:40:00,7243,external_origin,S,TR,1.000000,0
8,0:40:00,7142,internal_destination,E,L,1.000000,0
8,0:40:00,7142,internal_destination,E,T,5.000000,0
8,0:40:00,7142,internal_destination,E,R,1.000000,0
8,0:40:00,7142,external_origin,W,L,1.000000,0
8,0:40:00,7142,external_origin,W,T,7.000000,0
8,0:40:00,7142,external_origin,W,R,1.000000,0
8,0:40:00,7142,external_origin,N,L,1.000000,0
8,0:40:00,7142,external_origin,N,T,4.000000,0
8,0:40:00,7142,external_origin,N,TR,3.000000,0
8,0:40:00,7142,external_origin,S,L,1.000000,0
8,0:40:00,7142,external_origin,S,T,4.000000,0
8,0:40:00,7142,external_origin,S,TR,3.000000,0
9,0:45:00,7243,external_origin,E,L,0.000000,0
9,0:45:00,7243,external_origin,E,T,4.000000,0
9,0:45:00,7243,external_origin,E,TR,1.000000,0
9,0:45:00,7243,internal_destination,W,T,7.000000,0
9,0:45:00,7243,internal_destination,W,TR,3.000000,0
9,0:45:00,7243,external_origin,N,L,0.000000,0
9,0:45:00,7243,external_origin,N,TR,1.000000,0
9,0:45:00,7243,external_origin,S,L,0.000000,0
9,0:45:00,7243,external_origin,S,TR,1.000000,0
9,0:45:00,7142,internal_destination,E,L,0.000000,0
9,0:45:00,7142,internal_destination,E,T,4.000000,0
9,0:45:00,7142,internal_destination,E,R,1.000000,0
9,0:45:00,7142,external_origin,W,L,1.000000,0
9,0:45:00,7142,external_origin,W,T,7.000000,0
9,0:45:00,7142,external_origin,W,R,1.000000,0
9,0:45:00,7142,external_origin,N,L,1.000000,0
9,0:45:00,7142,external_origin,N,T,4.000000,0
9,0:45:00,7142,external_origin,N,TR,2.000000,0
9,0:45:00,7142,external_origin,S,L,1.000000,0
9,0:45:00,7142,external_origin,S,T,3.000000,0
9,0:45:00,7142,external_origin,S,TR,4.000000,0
10,0:50:00,7243,external_origin,E,L,1.000000,0
10,0:50:00,7243,external_origin,E,T,4.000000,0
10,0:50:00,7243,external_origin,E,TR,1.000000,0
10,0:50:00,7243,internal_destination,W,T,7.000000,0
10,0:50:00,7243,internal_destination,W,TR,3.000000,0
10,0:50:00,7243,external_origin,N,L,0.000000,0
10,0:50:00,7243,external_origin,N,TR,1.000000,0
10,0:50:00,7243,external_origin,S,L,0.000000,0
10,0:50:00,7243,external_origin,S,TR,1.000000,0
10,0:50:00,7142,internal_destination,E,L,1.000000,0
10,0:50:00,7142,internal_destination,E,T,4.000000,0
10,0:50:00,7142,internal_destination,E,R,1.000000,0
10,0:50:00,7142,external_origin,W,L,1.000000,0
10,0:50:00,7142,external_origin,W,T,6.000000,0
10,0:50:00,7142,external_origin,W,R,1.000000,0
10,0:50:00,7142,external_origin,N,L,1.000000,0
10,0:50:00,7142,external_origin,N,T,4.000000,0
10,0:50:00,7142,external_origin,N,TR,2.000000,0
10,0:50:00,7142,external_origin,S,L,1.000000,0
10,0:50:00,7142,external_origin,S,T,3.000000,0
10,0:50:00,7142,external_origin,S,TR,4.000000,0
11,0:55:00,7243,external_origin,E,L,0.000000,0
11,0:55:00,7243,external_origin,E,T,4.000000,0
11,0:55:00,7243,external_origin,E,TR,1.000000,0
11,0:55:00,7243,internal_destination,W,T,6.000000,0
11,0:55:00,7243,internal_destination,W,TR,3.000000,0
11,0:55:00,7243,external_origin,N,L,0.000000,0
11,0:55:00,7243,external_origin,N,TR,0.000000,0
11,0:55:00,7243,external_origin,S,L,0.000000,0
11,0:55:00,7243,external_origin,S,TR,1.000000,0
11,0:55:00,7142,internal_destination,E,L,1.000000,0
11,0:55:00,7142,internal_destination,E,T,3.000000,0
11,0:55:00,7142,internal_destination,E,R,1.000000,0
11,0:55:00,7142,external_origin,W,L,1.000000,0
11,0:55:00,7142,external_origin,W,T,5.000000,0
11,0:55:00,7142,external_origin,W,R,1.000000,0
11,0:55:00,7142,external_origin,N,L,1.000000,0
11,0:55:00,7142,external_origin,N,T,4.000000,0
11,0:55:00,7142,external_origin,N,TR,2.000000,0
11,0:55:00,7142,external_origin,S,L,1.000000,0
11,0:55:00,7142,external_origin,S,T,3.000000,0
11,0:55:00,7142,external_origin,S,TR,3.000000,0
12,1:00:00,7243,external_origin,E,L,0.000000,0
12,1:00:00,7243,external_origin,E,T,4.000000,0
12,1:00:00,7243,external_origin,E,TR,1.000000,0
12,1:00:00,7243,internal_destination,W,T,6.000000,0
12,1:00:00,7243,internal_destination,W,TR,3.000000,0
12,1:00:00,7243,external_origin,N,L,0.000000,0
12,1:00:00,7243,external_origin,N,TR,0.000000,0
12,1:00:00,7243,external_origin,S,L,0.000000,0
12,1:00:00,7243,external_origin,S,TR,1.000000,0
12,1:00:00,7142,internal_destination,E,L,0.000000,0
12,1:00:00,7142,internal_destination,E,T,4.000000,0
12,1:00:00,7142,internal_destination,E,R,1.000000,0
12,1:00:00,7142,external_origin,W,L,1.000000,0
12,1:00:00,7142,external_origin,W,T,5.000000,0
12,1:00:00,7142,external_origin,W,R,0.000000,0
12,1:00:00,7142,external_origin,N,L,1.000000,0
12,1:00:00,7142,external_origin,N,T,4.000000,0
12,1:00:00,7142,external_origin,N,TR,2.000000,0
12,1:00:00,7142,external_origin,S,L,1.000000,0
12,1:00:00,7142,external_origin,S,T,3.000000,0
12,1:00:00,7142,external_origin,S,TR,3.000000,0
13,1:05:00,7243,external_origin,E,L,0.000000,0
13,1:05:00,7243,external_origin,E,T,5.000000,0
13,1:05:00,7243,external_origin,E,TR,1.000000,0
13,1:05:00,7243,internal_destination,W,T,6.000000,0
13,1:05:00,7243,internal_destination,W,TR,2.000000,0
13,1:05:00,7243,external_origin,N,L,0.000000,0
13,1:05:00,7243,external_origin,N,TR,1.000000,0
13,1:05:00,7243,external_origin,S,L,0.000000,0
13,1:05:00,7243,external_origin,S,TR,1.000000,0
13,1:05:00,7142,internal_destination,E,L,1.000000,0
13,1:05:00,7142,internal_destination,E,T,4.000000,0
13,1:05:00,7142,internal_destination,E,R,0.000000,0
13,1:05:00,7142,external_origin,W,L,1.000000,0
13,1:05:00,7142,external_origin,W,T,4.000000,0
13,1:05:00,7142,external_origin,W,R,1.000000,0
13,1:05:00,7142,external_origin,N,L,1.000000,0
13,1:05:00,7142,external_origin,N,T,4.000000,0
13,1:05:00,7142,external_origin,N,TR,2.000000,0
13,1:05:00,7142,external_origin,S,L,1.000000,0
13,1:05:00,7142,external_origin,S,T,3.000000,0
13,1:05:00,7142,external_origin,S,TR,4.000000,0
14,1:10:00,7243,external_origin,E,L,0.000000,0
14,1:10:00,7243,external_origin,E,T,4.000000,0
14,1:10:00,7243,external_origin,E,TR,1.000000,0
14,1:10:00,7243,internal_destination,W,T,6.000000,0
14,1:10:00,7243,internal_destination,W,TR,3.000000,0
14,1:10:00,7243,external_origin,N,L,0.000000,0
14,1:10:00,7243,external_origin,N,TR,1.000000,0
14,1:10:00,7243,external_origin,S,L,0.000000,0
14,1:10:00,7243,external_origin,S,TR,1.000000,0
14,1:10:00,7142,internal_destination,E,L,0.000000,0
14,1:10:00,7142,internal_destination,E,T,4.000000,0
14,1:10:00,7142,internal_destination,E,R,1.000000,0
14,1:10:00,7142,external_origin,W,L,1.000000,0
14,1:10:00,7142,external_origin,W,T,4.000000,0
14,1:10:00,7142,external_origin,W,R,1.000000,0
14,1:10:00,7142,external_origin,N,L,1.000000,0
14,1:10:00,7142,external_origin,N,T,4.000000,0
14,1:10:00,7142,external_origin,N,TR,2.000000,0
14,1:10:00,7142,external_origin,S,L,1.000000,0
14,1:10:00,7142,external_origin,S,T,3.000000,0
14,1:10:00,7142,external_origin,S,TR,4.000000,0
15,1:15:00,7243,external_origin,E,L,0.000000,0
15,1:15:00,7243,external_origin,E,T,4.000000,0
15,1:15:00,7243,external_origin,E,TR,1.000000,0
15,1:15:00,7243,internal_destination,W,T,6.000000,0
15,1:15:00,7243,internal_destination,W,TR,3.000000,0
15,1:15:00,7243,external_origin,N,L,0.000000,0
15,1:15:00,7243,external_origin,N,TR,0.000000,0
15,1:15:00,7243,external_origin,S,L,0.000000,0
15,1:15:00,7243,external_origin,S,TR,1.000000,0
15,1:15:00,7142,internal_destination,E,L,0.000000,0
15,1:15:00,7142,internal_destination,E,T,3.000000,0
15,1:15:00,7142,internal_destination,E,R,1.000000,0
15,1:15:00,7142,external_origin,W,L,1.000000,0
15,1:15:00,7142,external_origin,W,T,5.000000,0
15,1:15:00,7142,external_origin,W,R,1.000000,0
15,1:15:00,7142,external_origin,N,L,1.000000,0
15,1:15:00,7142,external_origin,N,T,4.000000,0
15,1:15:00,7142,external_origin,N,TR,2.000000,0
15,1:15:00,7142,external_origin,S,L,1.000000,0
15,1:15:00,7142,external_origin,S,T,3.000000,0
15,1:15:00,7142,external_origin,S,TR,4.000000,0
16,1:20:00,7243,external_origin,E,L,0.000000,0
16,1:20:00,7243,external_origin,E,T,4.000000,0
16,1:20:00,7243,external_origin,E,TR,1.000000,0
16,1:20:00,7243,internal_destination,W,T,6.000000,0
16,1:20:00,7243,internal_destination,W,TR,2.000000,0
16,1:20:00,7243,external_origin,N,L,0.000000,0
16,1:20:00,7243,external_origin,N,TR,1.000000,0
16,1:20:00,7243,external_origin,S,L,1.000000,0
16,1:20:00,7243,external_origin,S,TR,1.000000,0
16,1:20:00,7142,internal_destination,E,L,1.000000,0
16,1:20:00,7142,internal_destination,E,T,4.000000,0
16,1:20:00,7142,internal_destination,E,R,1.000000,0
16,1:20:00,7142,external_origin,W,L,1.000000,0
16,1:20:00,7142,external_origin,W,T,4.000000,0
16,1:20:00,7142,external_origin,W,R,0.000000,0
16,1:20:00,7142,external_origin,N,L,1.000000,0
16,1:20:00,7142,external_origin,N,T,4.000000,0
16,1:20:00,7142,external_origin,N,TR,2.000000,0
16,1:20:00,7142,external_origin,S,L,1.000000,0
16,1:20:00,7142,external_origin,S,T,3.000000,0
16,1:20:00,7142,external_origin,S,TR,4.000000,0
17,1:25:00,7243,external_origin,E,L,0.000000,0
17,1:25:00,7243,external_origin,E,T,3.000000,0
17,1:25:00,7243,external_origin,E,TR,0.000000,0
17,1:25:00,7243,internal_destination,W,T,6.000000,0
17,1:25:00,7243,internal_destination,W,TR,2.000000,0
17,1:25:00,7243,external_origin,N,L,0.000000,0
17,1:25:00,7243,external_origin,N,TR,1.000000,0
17,1:25:00,7243,external_origin,S,L,0.000000,0
17,1:25:00,7243,external_origin,S,TR,1.000000,0
17,1:25:00,7142,internal_destination,E,L,0.000000,0
17,1:25:00,7142,internal_destination,E,T,3.000000,0
17,1:25:00,7142,internal_destination,E,R,0.000000,0
17,1:25:00,7142,external_origin,W,L,1.000000,0
17,1:25:00,7142,external_origin,W,T,4.000000,0
17,1:25:00,7142,external_origin,W,R,0.000000,0
17,1:25:00,7142,external_origin,N,L,1.000000,0
17,1:25:00,7142,external_origin,N,T,3.000000,0
17,1:25:00,7142,external_origin,N,TR,2.000000,0
17,1:25:00,7142,external_origin,S,L,1.000000,0
17,1:25:00,7142,external_origin,S,T,3.000000,0
17,1:25:00,7142,external_origin,S,TR,3.000000,0
18,1:30:00,7243,external_origin,E,L,0.000000,0
18,1:30:00,7243,external_origin,E,T,3.000000,0
18,1:30:00,7243,external_origin,E,TR,1.000000,0
18,1:30:00,7243,internal_destination,W,T,6.000000,0
18,1:30:00,7243,internal_destination,W,TR,2.000000,0
18,1:30:00,7243,external_origin,N,L,0.000000,0
18,1:30:00,7243,external_origin,N,TR,0.000000,0
18,1:30:00,7243,external_origin,S,L,0.000000,0
18,1:30:00,7243,external_origin,S,TR,1.000000,0
18,1:30:00,7142,internal_destination,E,L,0.000000,0
18,1:30:00,7142,internal_destination,E,T,3.000000,0
18,1:30:00,7142,internal_destination,E,R,1.000000,0
18,1:30:00,7142,external_origin,W,L,1.000000,0
18,1:30:00,7142,external_origin,W,T,5.000000,0
18,1:30:00,7142,external_origin,W,R,0.000000,0
18,1:30:00,7142,external_origin,N,L,1.000000,0
18,1:30:00,7142,external_origin,N,T,3.000000,0
18,1:30:00,7142,external_origin,N,TR,2.000000,0
18,1:30:00,7142,external_origin,S,L,1.000000,0
18,1:30:00,7142,external_origin,S,T,3.000000,0
18,1:30:00,7142,external_origin,S,TR,4.000000,0
19,1:35:00,7243,external_origin,E,L,0.000000,0
19,1:35:00,7243,external_origin,E,T,4.000000,0
19,1:35:00,7243,external_origin,E,TR,1.000000,0
19,1:35:00,7243,internal_destination,W,T,8.000000,0
19,1:35:00,7243,internal_destination,W,TR,3.000000,0
19,1:35:00,7243,external_origin,N,L,0.000000,0
19,1:35:00,7243,external_origin,N,TR,0.000000,0
19,1:35:00,7243,external_origin,S,L,0.000000,0
19,1:35:00,7243,external_origin,S,TR,1.000000,0
19,1:35:00,7142,internal_destination,E,L,0.000000,0
19,1:35:00,7142,internal_destination,E,T,4.000000,0
19,1:35:00,7142,internal_destination,E,R,0.000000,0
19,1:35:00,7142,external_origin,W,L,1.000000,0
19,1:35:00,7142,external_origin,W,T,6.000000,0
19,1:35:00,7142,external_origin,W,R,0.000000,0
19,1:35:00,7142,external_origin,N,L,1.000000,0
19,1:35:00,7142,external_origin,N,T,3.000000,0
19,1:35:00,7142,external_origin,N,TR,2.000000,0
19,1:35:00,7142,external_origin,S,L,1.000000,0
19,1:35:00,7142,external_origin,S,T,4.000000,0
19,1:35:00,7142,external_origin,S,TR,4.000000,0
20,1:40:00,7243,external_origin,E,L,0.000000,0
20,1:40:00,7243,external_origin,E,T,3.000000,0
20,1:40:00,7243,external_origin,E,TR,0.000000,0
20,1:40:00,7243,internal_destination,W,T,7.000000,0
20,1:40:00,7243,internal_destination,W,TR,2.000000,0
20,1:40:00,7243,external_origin,N,L,0.000000,0
20,1:40:00,7243,external_origin,N,TR,0.000000,0
20,1:40:00,7243,external_origin,S,L,0.000000,0
20,1:40:00,7243,external_origin,S,TR,0.000000,0
20,1:40:00,7142,internal_destination,E,L,0.000000,0
20,1:40:00,7142,internal_destination,E,T,4.000000,0
20,1:40:00,7142,internal_destination,E,R,1.000000,0
20,1:40:00,7142,external_origin,W,L,0.000000,0
20,1:40:00,7142,external_origin,W,T,6.000000,0
20,1:40:00,7142,external_origin,W,R,0.000000,0
20,1:40:00,7142,external_origin,N,L,1.000000,0
20,1:40:00,7142,external_origin,N,T,3.000000,0
20,1:40:00,7142,external_origin,N,TR,2.000000,0
20,1:40:00,7142,external_origin,S,L,1.000000,0
20,1:40:00,7142,external_origin,S,T,3.000000,0
20,1:40:00,7142,external_origin,S,TR,4.000000,0
21,1:45:00,7243,external_origin,E,L,0.000000,0
21,1:45:00,7243,external_origin,E,T,3.000000,0
21,1:45:00,7243,external_origin,E,TR,1.000000,0
21,1:45:00,7243,internal_destination,W,T,6.000000,0
21,1:45:00,7243,internal_destination,W,TR,3.000000,0
21,1:45:00,7243,external_origin,N,L,0.000000,0
21,1:45:00,7243,external_origin,N,TR,0.000000,0
21,1:45:00,7243,external_origin,S,L,0.000000,0
21,1:45:00,7243,external_origin,S,TR,0.000000,0
21,1:45:00,7142,internal_destination,E,L,0.000000,0
21,1:45:00,7142,internal_destination,E,T,3.000000,0
21,1:45:00,7142,internal_destination,E,R,0.000000,0
21,1:45:00,7142,external_origin,W,L,1.000000,0
21,1:45:00,7142,external_origin,W,T,5.000000,0
21,1:45:00,7142,external_origin,W,R,0.000000,0
21,1:45:00,7142,external_origin,N,L,1.000000,0
21,1:45:00,7142,external_origin,N,T,3.000000,0
21,1:45:00,7142,external_origin,N,TR,1.000000,0
21,1:45:00,7142,external_origin,S,L,1.000000,0
21,1:45:00,7142,external_origin,S,T,3.000000,0
21,1:45:00,7142,external_origin,S,TR,3.000000,0
22,1:50:00,7243,external_origin,E,L,0.000000,0
22,1:50:00,7243,external_origin,E,T,2.000000,0
22,1:50:00,7243,external_origin,E,TR,0.000000,0
22,1:50:00,7243,internal_destination,W,T,5.000000,0
22,1:50:00,7243,internal_destination,W,TR,1.000000,0
22,1:50:00,7243,external_origin,N,L,0.000000,0
22,1:50:00,7243,external_origin,N,TR,0.000000,0
22,1:50:00,7243,external_origin,S,L,0.000000,0
22,1:50:00,7243,external_origin,S,TR,0.000000,0
22,1:50:00,7142,internal_destination,E,L,1.000000,0
22,1:50:00,7142,internal_destination,E,T,2.000000,0
22,1:50:00,7142,internal_destination,E,R,0.000000,0
22,1:50:00,7142,external_origin,W,L,1.000000,0
22,1:50:00,7142,external_origin,W,T,4.000000,0
22,1:50:00,7142,external_origin,W,R,0.000000,0
22,1:50:00,7142,external_origin,N,L,0.000000,0
22,1:50:00,7142,external_origin,N,T,3.000000,0
22,1:50:00,7142,external_origin,N,TR,1.000000,0
22,1:50:00,7142,external_origin,S,L,1.000000,0
22,1:50:00,7142,external_origin,S,T,3.000000,0
22,1:50:00,7142,external_origin,S,TR,3.000000,0
23,1:55:00,7243,external_origin,E,L,0.000000,0
23,1:55:00,7243,external_origin,E,T,3.000000,0
23,1:55:00,7243,external_origin,E,TR,0.000000,0
23,1:55:00,7243,internal_destination,W,T,5.000000,0
23,1:55:00,7243,internal_destination,W,TR,1.000000,0
23,1:55:00,7243,external_origin,N,L,0.000000,0
23,1:55:00,7243,external_origin,N,TR,0.000000,0
23,1:55:00,7243,external_origin,S,L,0.000000,0
23,1:55:00,7243,external_origin,S,TR,0.000000,0
23,1:55:00,7142,internal_destination,E,L,1.000000,0
23,1:55:00,7142,internal_destination,E,T,2.000000,0
23,1:55:00,7142,internal_destination,E,R,1.000000,0
23,1:55:00,7142,external_origin,W,L,0.000000,0
23,1:55:00,7142,external_origin,W,T,4.000000,0
23,1:55:00,7142,external_origin,W,R,0.000000,0
23,1:55:00,7142,external_origin,N,L,1.000000,0
23,1:55:00,7142,external_origin,N,T,2.000000,0
23,1:55:00,7142,external_origin,N,TR,1.000000,0
23,1:55:00,7142,external_origin,S,L,1.000000,0
23,1:55:00,7142,external_origin,S,T,2.000000,0
23,1:55:00,7142,external_origin,S,TR,3.000000,0
24,2:00:00,7243,external_origin,E,L,0.000000,0
24,2:00:00,7243,external_origin,E,T,3.000000,0
24,2:00:00,7243,external_origin,E,TR,0.000000,0
24,2:00:00,7243,internal_destination,W,T,5.000000,0
24,2:00:00,7243,internal_destination,W,TR,1.000000,0
24,2:00:00,7243,external_origin,N,L,0.000000,0
24,2:00:00,7243,external_origin,N,TR,0.000000,0
24,2:00:00,7243,external_origin,S,L,0.000000,0
24,2:00:00,7243,external_origin,S,TR,0.000000,0
24,2:00:00,7142,internal_destination,E,L,0.000000,0
24,2:00:00,7142,internal_destination,E,T,3.000000,0
24,2:00:00,7142,internal_destination,E,R,0.000000,0
24,2:00:00,7142,external_origin,W,L,0.000000,0
24,2:00:00,7142,external_origin,W,T,4.000000,0
24,2:00:00,7142,external_origin,W,R,0.000000,0
24,2:00:00,7142,external_origin,N,L,1.000000,0
24,2:00:00,7142,external_origin,N,T,2.000000,0
24,2:00:00,7142,external_origin,N,TR,1.000000,0
24,2:00:00,7142,external_origin,S,L,0.000000,0
24,2:00:00,7142,external_origin,S,T,2.000000,0
24,2:00:00,7142,external_origin,S,TR,3.000000,0
25,2:05:00,7243,external_origin,E,L,0.000000,0
25,2:05:00,7243,external_origin,E,T,2.000000,0
25,2:05:00,7243,external_origin,E,TR,0.000000,0
25,2:05:00,7243,internal_destination,W,T,5.000000,0
25,2:05:00,7243,internal_destination,W,TR,2.000000,0
25,2:05:00,7243,external_origin,N,L,0.000000,0
25,2:05:00,7243,external_origin,N,TR,0.000000,0
25,2:05:00,7243,external_origin,S,L,0.000000,0
25,2:05:00,7243,external_origin,S,TR,0.000000,0
25,2:05:00,7142,internal_destination,E,L,0.000000,0
25,2:05:00,7142,internal_destination,E,T,2.000000,0
25,2:05:00,7142,internal_destination,E,R,0.000000,0
25,2:05:00,7142,external_origin,W,L,1.000000,0
25,2:05:00,7142,external_origin,W,T,5.000000,0
25,2:05:00,7142,external_origin,W,R,0.000000,0
25,2:05:00,7142,external_origin,N,L,1.000000,0
25,2:05:00,7142,external_origin,N,T,2.000000,0
25,2:05:00,7142,external_origin,N,TR,1.000000,0
25,2:05:00,7142,external_origin,S,L,1.000000,0
25,2:05:00,7142,external_origin,S,T,2.000000,0
25,2:05:00,7142,external_origin,S,TR,3.000000,0
26,2:10:00,7243,external_origin,E,L,0.000000,0
26,2:10:00,7243,external_origin,E,T,2.000000,0
26,2:10:00,7243,external_origin,E,TR,0.000000,0
26,2:10:00,7243,internal_destination,W,T,5.000000,0
26,2:10:00,7243,internal_destination,W,TR,1.000000,0
26,2:10:00,7243,external_origin,N,L,0.000000,0
26,2:10:00,7243,external_origin,N,TR,0.000000,0
26,2:10:00,7243,external_origin,S,L,0.000000,0
26,2:10:00,7243,external_origin,S,TR,0.000000,0
26,2:10:00,7142,internal_destination,E,L,0.000000,0
26,2:10:00,7142,internal_destination,E,T,2.000000,0
26,2:10:00,7142,internal_destination,E,R,0.000000,0
26,2:10:00,7142,external_origin,W,L,0.000000,0
26,2:10:00,7142,external_origin,W,T,4.000000,0
26,2:10:00,7142,external_origin,W,R,0.000000,0
26,2:10:00,7142,external_origin,N,L,0.000000,0
26,2:10:00,7142,external_origin,N,T,2.000000,0
26,2:10:00,7142,external_origin,N,TR,1.000000,0
26,2:10:00,7142,external_origin,S,L,0.000000,0
26,2:10:00,7142,external_origin,S,T,1.000000,0
26,2:10:00,7142,external_origin,S,TR,2.000000,0
27,2:15:00,7243,external_origin,E,L,0.000000,0
27,2:15:00,7243,external_origin,E,T,2.000000,0
27,2:15:00,7243,external_origin,E,TR,0.000000,0
27,2:15:00,7243,internal_destination,W,T,4.000000,0
27,2:15:00,7243,internal_destination,W,TR,1.000000,0
27,2:15:00,7243,external_origin,N,L,0.000000,0
27,2:15:00,7243,external_origin,N,TR,0.000000,0
27,2:15:00,7243,external_origin,S,L,0.000000,0
27,2:15:00,7243,external_origin,S,TR,0.000000,0
27,2:15:00,7142,internal_destination,E,L,0.000000,0
27,2:15:00,7142,internal_destination,E,T,2.000000,0
27,2:15:00,7142,internal_destination,E,R,0.000000,0
27,2:15:00,7142,external_origin,W,L,0.000000,0
27,2:15:00,7142,external_origin,W,T,4.000000,0
27,2:15:00,7142,external_origin,W,R,0.000000,0
27,2:15:00,7142,external_origin,N,L,0.000000,0
27,2:15:00,7142,external_origin,N,T,2.000000,0
27,2:15:00,7142,external_origin,N,TR,1.000000,0
27,2:15:00,7142,external_origin,S,L,0.000000,0
27,2:15:00,7142,external_origin,S,T,1.000000,0
27,2:15:00,7142,external_origin,S,TR,1.000000,0
28,2:20:00,7243,external_origin,E,L,0.000000,0
28,2:20:00,7243,external_origin,E,T,2.000000,0
28,2:20:00,7243,external_origin,E,TR,0.000000,0
28,2:20:00,7243,internal_destination,W,T,3.000000,0
28,2:20:00,7243,internal_destination,W,TR,1.000000,0
28,2:20:00,7243,external_origin,N,L,0.000000,0
28,2:20:00,7243,external_origin,N,TR,0.000000,0
28,2:20:00,7243,external_origin,S,L,0.000000,0
28,2:20:00,7243,external_origin,S,TR,0.000000,0
28,2:20:00,7142,internal_destination,E,L,0.000000,0
28,2:20:00,7142,internal_destination,E,T,2.000000,0
28,2:20:00,7142,internal_destination,E,R,0.000000,0
28,2:20:00,7142,external_origin,W,L,0.000000,0
28,2:20:00,7142,external_origin,W,T,3.000000,0
28,2:20:00,7142,external_origin,W,R,0.000000,0
28,2:20:00,7142,external_origin,N,L,0.000000,0
28,2:20:00,7142,external_origin,N,T,2.000000,0
28,2:20:00,7142,external_origin,N,TR,1.000000,0
28,2:20:00,7142,external_origin,S,L,0.000000,0
28,2:20:00,7142,external_origin,S,T,1.000000,0
28,2:20:00,7142,external_origin,S,TR,2.000000,0
29,2:25:00,7243,external_origin,E,L,0.000000,0
29,2:25:00,7243,external_origin,E,T,2.000000,0
29,2:25:00,7243,external_origin,E,TR,0.000000,0
29,2:25:00,7243,internal_destination,W,T,3.000000,0
29,2:25:00,7243,internal_destination,W,TR,1.000000,0
29,2:25:00,7243,external_origin,N,L,0.000000,0
29,2:25:00,7243,external_origin,N,TR,0.000000,0
29,2:25:00,7243,external_origin,S,L,0.000000,0
29,2:25:00,7243,external_origin,S,TR,0.000000,0
29,2:25:00,7142,internal_destination,E,L,0.000000,0
29,2:25:00,7142,internal_destination,E,T,2.000000,0
29,2:25:00,7142,internal_destination,E,R,0.000000,0
29,2:25:00,7142,external_origin,W,L,0.000000,0
29,2:25:00,7142,external_origin,W,T,2.000000,0
29,2:25:00,7142,external_origin,W,R,0.000000,0
29,2:25:00,7142,external_origin,N,L,1.000000,0
29,2:25:00,7142,external_origin,N,T,2.000000,0
29,2:25:00,7142,external_origin,N,TR,1.000000,0
29,2:25:00,7142,external_origin,S,L,0.000000,0
29,2:25:00,7142,external_origin,S,T,1.000000,0
29,2:25:00,7142,external_origin,S,TR,1.000000,0
30,2:30:00,7243,external_origin,E,L,0.000000,0
30,2:30:00,7243,external_origin,E,T,2.000000,0
30,2:30:00,7243,external_origin,E,TR,0.000000,0
30,2:30:00,7243,internal_destination,W,T,4.000000,0
30,2:30:00,7243,internal_destination,W,TR,1.000000,0
30,2:30:00,7243,external_origin,N,L,0.000000,0
30,2:30:00,7243,external_origin,N,TR,0.000000,0
30,2:30:00,7243,external_origin,S,L,0.000000,0
30,2:30:00,7243,external_origin,S,TR,0.000000,0
30,2:30:00,7142,internal_destination,E,L,0.000000,0
30,2:30:00,7142,internal_destination,E,T,2.000000,0
30,2:30:00,7142,internal_destination,E,R,0.000000,0
30,2:30:00,7142,external_origin,W,L,0.000000,0
30,2:30:00,7142,external_origin,W,T,3.000000,0
30,2:30:00,7142,external_origin,W,R,0.000000,0
30,2:30:00,7142,external_origin,N,L,0.000000,0
30,2:30:00,7142,external_origin,N,T,1.000000,0
30,2:30:00,7142,external_origin,N,TR,1.000000,0
30,2:30:00,7142,external_origin,S,L,0.000000,0
30,2:30:00,7142,external_origin,S,T,1.000000,0
30,2:30:00,7142,external_origin,S,TR,1.000000,0
31,2:35:00,7243,external_origin,E,L,0.000000,0
31,2:35:00,7243,external_origin,E,T,2.000000,0
31,2:35:00,7243,external_origin,E,TR,0.000000,0
31,2:35:00,7243,internal_destination,W,T,3.000000,0
31,2:35:00,7243,internal_destination,W,TR,1.000000,0
31,2:35:00,7243,external_origin,N,L,0.000000,0
31,2:35:00,7243,external_origin,N,TR,0.000000,0
31,2:35:00,7243,external_origin,S,L,0.000000,0
31,2:35:00,7243,external_origin,S,TR,0.000000,0
31,2:35:00,7142,internal_destination,E,L,0.000000,0
31,2:35:00,7142,internal_destination,E,T,2.000000,0
31,2:35:00,7142,internal_destination,E,R,0.000000,0
31,2:35:00,7142,external_origin,W,L,1.000000,0
31,2:35:00,7142,external_origin,W,T,3.000000,0
31,2:35:00,7142,external_origin,W,R,0.000000,0
31,2:35:00,7142,external_origin,N,L,0.000000,0
31,2:35:00,7142,external_origin,N,T,1.000000,0
31,2:35:00,7142,external_origin,N,TR,1.000000,0
31,2:35:00,7142,external_origin,S,L,0.000000,0
31,2:35:00,7142,external_origin,S,T,1.000000,0
31,2:35:00,7142,external_origin,S,TR,1.000000,0
32,2:40:00,7243,external_origin,E,L,0.000000,0
32,2:40:00,7243,external_origin,E,T,2.000000,0
32,2:40:00,7243,external_origin,E,TR,0.000000,0
32,2:40:00,7243,internal_destination,W,T,3.000000,0
32,2:40:00,7243,internal_destination,W,TR,1.000000,0
32,2:40:00,7243,external_origin,N,L,0.000000,0
32,2:40:00,7243,external_origin,N,TR,0.000000,0
32,2:40:00,7243,external_origin,S,L,0.000000,0
32,2:40:00,7243,external_origin,S,TR,0.000000,0
32,2:40:00,7142,internal_destination,E,L,0.000000,0
32,2:40:00,7142,internal_destination,E,T,3.000000,0
32,2:40:00,7142,internal_destination,E,R,0.000000,0
32,2:40:00,7142,external_origin,W,L,0.000000,0
32,2:40:00,7142,external_origin,W,T,3.000000,0
32,2:40:00,7142,external_origin,W,R,0.000000,0
32,2:40:00,7142,external_origin,N,L,0.000000,0
32,2:40:00,7142,external_origin,N,T,2.000000,0
32,2:40:00,7142,external_origin,N,TR,1.000000,0
32,2:40:00,7142,external_origin,S,L,0.000000,0
32,2:40:00,7142,external_origin,S,T,1.000000,0
32,2:40:00,7142,external_origin,S,TR,1.000000,0
33,2:45:00,7243,external_origin,E,L,0.000000,0
33,2:45:00,7243,external_origin,E,T,2.000000,0
33,2:45:00,7243,external_origin,E,TR,0.000000,0
33,2:45:00,7243,internal_destination,W,T,3.000000,0
33,2:45:00,7243,internal_destination,W,TR,0.000000,0
33,2:45:00,7243,external_origin,N,L,0.000000,0
33,2:45:00,7243,external_origin,N,TR,0.000000,0
33,2:45:00,7243,external_origin,S,L,0.000000,0
33,2:45:00,7243,external_origin,S,TR,0.000000,0
33,2:45:00,7142,internal_destination,E,L,0.000000,0
33,2:45:00,7142,internal_destination,E,T,2.000000,0
33,2:45:00,7142,internal_destination,E,R,0.000000,0
33,2:45:00,7142,external_origin,W,L,0.000000,0
33,2:45:00,7142,external_origin,W,T,3.000000,0
33,2:45:00,7142,external_origin,W,R,0.000000,0
33,2:45:00,7142,external_origin,N,L,0.000000,0
33,2:45:00,7142,external_origin,N,T,1.000000,0
33,2:45:00,7142,external_origin,N,TR,1.000000,0
33,2:45:00,7142,external_origin,S,L,0.000000,0
33,2:45:00,7142,external_origin,S,T,1.000000,0
33,2:45:00,7142,external_origin,S,TR,1.000000,0
34,2:50:00,7243,external_origin,E,L,0.000000,0
34,2:50:00,7243,external_origin,E,T,2.000000,0
34,2:50:00,7243,external_origin,E,TR,0.000000,0
34,2:50:00,7243,internal_destination,W,T,3.000000,0
34,2:50:00,7243,internal_destination,W,TR,0.000000,0
34,2:50:00,7243,external_origin,N,L,0.000000,0
34,2:50:00,7243,external_origin,N,TR,0.000000,0
34,2:50:00,7243,external_origin,S,L,0.000000,0
34,2:50:00,7243,external_origin,S,TR,0.000000,0
34,2:50:00,7142,internal_destination,E,L,0.000000,0
34,2:50:00,7142,internal_destination,E,T,2.000000,0
34,2:50:00,7142,internal_destination,E,R,0.000000,0
34,2:50:00,7142,external_origin,W,L,0.000000,0
34,2:50:00,7142,external_origin,W,T,2.000000,0
34,2:50:00,7142,external_origin,W,R,0.000000,0
34,2:50:00,7142,external_origin,N,L,0.000000,0
34,2:50:00,7142,external_origin,N,T,1.000000,0
34,2:50:00,7142,external_origin,N,TR,1.000000,0
34,2:50:00,7142,external_origin,S,L,0.000000,0
34,2:50:00,7142,external_origin,S,T,1.000000,0
34,2:50:00,7142,external_origin,S,TR,0.000000,0
35,2:55:00,7243,external_origin,E,L,0.000000,0
35,2:55:00,7243,external_origin,E,T,3.000000,0
35,2:55:00,7243,external_origin,E,TR,0.000000,0
35,2:55:00,7243,internal_destination,W,T,3.000000,0
35,2:55:00,7243,internal_destination,W,TR,0.000000,0
35,2:55:00,7243,external_origin,N,L,0.000000,0
35,2:55:00,7243,external_origin,N,TR,0.000000,0
35,2:55:00,7243,external_origin,S,L,0.000000,0
35,2:55:00,7243,external_origin,S,TR,0.000000,0
35,2:55:00,7142,internal_destination,E,L,0.000000,0
35,2:55:00,7142,internal_destination,E,T,2.000000,0
35,2:55:00,7142,internal_destination,E,R,0.000000,0
35,2:55:00,7142,external_origin,W,L,0.000000,0
35,2:55:00,7142,external_origin,W,T,2.000000,0
35,2:55:00,7142,external_origin,W,R,0.000000,0
35,2:55:00,7142,external_origin,N,L,0.000000,0
35,2:55:00,7142,external_origin,N,T,1.000000,0
35,2:55:00,7142,external_origin,N,TR,1.000000,0
35,2:55:00,7142,external_origin,S,L,0.000000,0
35,2:55:00,7142,external_origin,S,T,1.000000,0
35,2:55:00,7142,external_origin,S,TR,1.000000,0
36,3:00:00,7243,external_origin,E,L,0.000000,0
36,3:00:00,7243,external_origin,E,T,2.000000,0
36,3:00:00,7243,external_origin,E,TR,0.000000,0
36,3:00:00,7243,internal_destination,W,T,3.000000,0
36,3:00:00,7243,internal_destination,W,TR,0.000000,0
36,3:00:00,7243,external_origin,N,L,0.000000,0
36,3:00:00,7243,external_origin,N,TR,1.000000,0
36,3:00:00,7243,external_origin,S,L,0.000000,0
36,3:00:00,7243,external_origin,S,TR,0.000000,0
36,3:00:00,7142,internal_destination,E,L,0.000000,0
36,3:00:00,7142,internal_destination,E,T,2.000000,0
36,3:00:00,7142,internal_destination,E,R,0.000000,0
36,3:00:00,7142,external_origin,W,L,0.000000,0
36,3:00:00,7142,external_origin,W,T,2.000000,0
36,3:00:00,7142,external_origin,W,R,0.000000,0
36,3:00:00,7142,external_origin,N,L,0.000000,0
36,3:00:00,7142,external_origin,N,T,1.000000,0
36,3:00:00,7142,external_origin,N,TR,1.000000,0
36,3:00:00,7142,external_origin,S,L,0.000000,0
36,3:00:00,7142,external_origin,S,T,1.000000,0
36,3:00:00,7142,external_origin,S,TR,1.000000,0
37,3:05:00,7243,external_origin,E,L,0.000000,0
37,3:05:00,7243,external_origin,E,T,2.000000,0
37,3:05:00,7243,external_origin,E,TR,0.000000,0
37,3:05:00,7243,internal_destination,W,T,3.000000,0
37,3:05:00,7243,internal_destination,W,TR,0.000000,0
37,3:05:00,7243,external_origin,N,L,0.000000,0
37,3:05:00,7243,external_origin,N,TR,0.000000,0
37,3:05:00,7243,external_origin,S,L,0.000000,0
37,3:05:00,7243,external_origin,S,TR,0.000000,0
37,3:05:00,7142,internal_destination,E,L,0.000000,0
37,3:05:00,7142,internal_destination,E,T,2.000000,0
37,3:05:00,7142,internal_destination,E,R,0.000000,0
37,3:05:00,7142,external_origin,W,L,0.000000,0
37,3:05:00,7142,external_origin,W,T,3.000000,0
37,3:05:00,7142,external_origin,W,R,0.000000,0
37,3:05:00,7142,external_origin,N,L,0.000000,0
37,3:05:00,7142,external_origin,N,T,1.000000,0
37,3:05:00,7142,external_origin,N,TR,1.000000,0
37,3:05:00,7142,external_origin,S,L,0.000000,0
37,3:05:00,7142,external_origin,S,T,1.000000,0
37,3:05:00,7142,external_origin,S,TR,1.000000,0
38,3:10:00,7243,external_origin,E,L,0.000000,0
38,3:10:00,7243,external_origin,E,T,2.000000,0
38,3:10:00,7243,external_origin,E,TR,0.000000,0
38,3:10:00,7243,internal_destination,W,T,2.000000,0
38,3:10:00,7243,internal_destination,W,TR,0.000000,0
38,3:10:00,7243,external_origin,N,L,0.000000,0
38,3:10:00,7243,external_origin,N,TR,0.000000,0
38,3:10:00,7243,external_origin,S,L,0.000000,0
38,3:10:00,7243,external_origin,S,TR,0.000000,0
38,3:10:00,7142,internal_destination,E,L,0.000000,0
38,3:10:00,7142,internal_destination,E,T,2.000000,0
38,3:10:00,7142,internal_destination,E,R,0.000000,0
38,3:10:00,7142,external_origin,W,L,0.000000,0
38,3:10:00,7142,external_origin,W,T,2.000000,0
38,3:10:00,7142,external_origin,W,R,0.000000,0
38,3:10:00,7142,external_origin,N,L,0.000000,0
38,3:10:00,7142,external_origin,N,T,2.000000,0
38,3:10:00,7142,external_origin,N,TR,1.000000,0
38,3:10:00,7142,external_origin,S,L,0.000000,0
38,3:10:00,7142,external_origin,S,T,1.000000,0
38,3:10:00,7142,external_origin,S,TR,0.000000,0
39,3:15:00,7243,external_origin,E,L,0.000000,0
39,3:15:00,7243,external_origin,E,T,2.000000,0
39,3:15:00,7243,external_origin,E,TR,0.000000,0
39,3:15:00,7243,internal_destination,W,T,3.000000,0
39,3:15:00,7243,internal_destination,W,TR,1.000000,0
39,3:15:00,7243,external_origin,N,L,0.000000,0
39,3:15:00,7243,external_origin,N,TR,0.000000,0
39,3:15:00,7243,external_origin,S,L,0.000000,0
39,3:15:00,7243,external_origin,S,TR,0.000000,0
39,3:15:00,7142,internal_destination,E,L,0.000000,0
39,3:15:00,7142,internal_destination,E,T,2.000000,0
39,3:15:00,7142,internal_destination,E,R,0.000000,0
39,3:15:00,7142,external_origin,W,L,0.000000,0
39,3:15:00,7142,external_origin,W,T,3.000000,0
39,3:15:00,7142,external_origin,W,R,0.000000,0
39,3:15:00,7142,external_origin,N,L,0.000000,0
39,3:15:00,7142,external_origin,N,T,1.000000,0
39,3:15:00,7142,external_origin,N,TR,1.000000,0
39,3:15:00,7142,external_origin,S,L,0.000000,0
39,3:15:00,7142,external_origin,S,T,1.000000,0
39,3:15:00,7142,external_origin,S,TR,1.000000,0
40,3:20:00,7243,external_origin,E,L,0.000000,0
40,3:20:00,7243,external_origin,E,T,2.000000,0
40,3:20:00,7243,external_origin,E,TR,0.000000,0
40,3:20:00,7243,internal_destination,W,T,3.000000,0
40,3:20:00,7243,internal_destination,W,TR,0.000000,0
40,3:20:00,7243,external_origin,N,L,0.000000,0
40,3:20:00,7243,external_origin,N,TR,0.000000,0
40,3:20:00,7243,external_origin,S,L,0.000000,0
40,3:20:00,7243,external_origin,S,TR,0.000000,0
40,3:20:00,7142,internal_destination,E,L,0.000000,0
40,3:20:00,7142,internal_destination,E,T,2.000000,0
40,3:20:00,7142,internal_destination,E,R,0.000000,0
40,3:20:00,7142,external_origin,W,L,0.000000,0
40,3:20:00,7142,external_origin,W,T,3.000000,0
40,3:20:00,7142,external_origin,W,R,0.000000,0
40,3:20:00,7142,external_origin,N,L,0.000000,0
40,3:20:00,7142,external_origin,N,T,1.000000,0
40,3:20:00,7142,external_origin,N,TR,1.000000,0
40,3:20:00,7142,external_origin,S,L,0.000000,0
40,3:20:00,7142,external_origin,S,T,1.000000,0
40,3:20:00,7142,external_origin,S,TR,1.000000,0
41,3:25:00,7243,external_origin,E,L,0.000000,0
41,3:25:00,7243,external_origin,E,T,2.000000,0
41,3:25:00,7243,external_origin,E,TR,0.000000,0
41,3:25:00,7243,internal_destination,W,T,2.000000,0
41,3:25:00,7243,internal_destination,W,TR,0.000000,0
41,3:25:00,7243,external_origin,N,L,0.000000,0
41,3:25:00,7243,external_origin,N,TR,0.000000,0
41,3:25:00,7243,external_origin,S,L,0.000000,0
41,3:25:00,7243,external_origin,S,TR,0.000000,0
41,3:25:00,7142,internal_destination,E,L,0.000000,0
41,3:25:00,7142,internal_destination,E,T,2.000000,0
41,3:25:00,7142,internal_destination,E,R,0.000000,0
41,3:25:00,7142,external_origin,W,L,0.000000,0
41,3:25:00,7142,external_origin,W,T,2.000000,0
41,3:25:00,7142,external_origin,W,R,0.000000,0
41,3:25:00,7142,external_origin,N,L,0.000000,0
41,3:25:00,7142,external_origin,N,T,2.000000,0
41,3:25:00,7142,external_origin,N,TR,1.000000,0
41,3:25:00,7142,external_origin,S,L,0.000000,0
41,3:25:00,7142,external_origin,S,T,1.000000,0
41,3:25:00,7142,external_origin,S,TR,1.000000,0
42,3:30:00,7243,external_origin,E,L,0.000000,0
42,3:30:00,7243,external_origin,E,T,2.000000,0
42,3:30:00,7243,external_origin,E,TR,0.000000,0
42,3:30:00,7243,internal_destination,W,T,2.000000,0
42,3:30:00,7243,internal_destination,W,TR,1.000000,0
42,3:30:00,7243,external_origin,N,L,0.000000,0
42,3:30:00,7243,external_origin,N,TR,0.000000,0
42,3:30:00,7243,external_origin,S,L,0.000000,0
42,3:30:00,7243,external_origin,S,TR,0.000000,0
42,3:30:00,7142,internal_destination,E,L,0.000000,0
42,3:30:00,7142,internal_destination,E,T,2.000000,0
42,3:30:00,7142,internal_destination,E,R,0.000000,0
42,3:30:00,7142,external_origin,W,L,0.000000,0
42,3:30:00,7142,external_origin,W,T,2.000000,0
42,3:30:00,7142,external_origin,W,R,0.000000,0
42,3:30:00,7142,external_origin,N,L,0.000000,0
42,3:30:00,7142,external_origin,N,T,2.000000,0
42,3:30:00,7142,external_origin,N,TR,1.000000,0
42,3:30:00,7142,external_origin,S,L,0.000000,0
42,3:30:00,7142,external_origin,S,T,1.000000,0
42,3:30:00,7142,external_origin,S,TR,1.000000,0
43,3:35:00,7243,external_origin,E,L,0.000000,0
43,3:35:00,7243,external_origin,E,T,3.000000,0
43,3:35:00,7243,external_origin,E,TR,0.000000,0
43,3:35:00,7243,internal_destination,W,T,3.000000,0
43,3:35:00,7243,internal_destination,W,TR,0.000000,0
43,3:35:00,7243,external_origin,N,L,0.000000,0
43,3:35:00,7243,external_origin,N,TR,0.000000,0
43,3:35:00,7243,external_origin,S,L,0.000000,0
43,3:35:00,7243,external_origin,S,TR,0.000000,0
43,3:35:00,7142,internal_destination,E,L,0.000000,0
43,3:35:00,7142,internal_destination,E,T,2.000000,0
43,3:35:00,7142,internal_destination,E,R,0.000000,0
43,3:35:00,7142,external_origin,W,L,0.000000,0
43,3:35:00,7142,external_origin,W,T,2.000000,0
43,3:35:00,7142,external_origin,W,R,0.000000,0
43,3:35:00,7142,external_origin,N,L,0.000000,0
43,3:35:00,7142,external_origin,N,T,2.000000,0
43,3:35:00,7142,external_origin,N,TR,1.000000,0
43,3:35:00,7142,external_origin,S,L,0.000000,0
43,3:35:00,7142,external_origin,S,T,0.000000,0
43,3:35:00,7142,external_origin,S,TR,1.000000,0
44,3:40:00,7243,external_origin,E,L,0.000000,0
44,3:40:00,7243,external_origin,E,T,3.000000,0
44,3:40:00,7243,external_origin,E,TR,0.000000,0
44,3:40:00,7243,internal_destination,W,T,3.000000,0
44,3:40:00,7243,internal_destination,W,TR,0.000000,0
44,3:40:00,7243,external_origin,N,L,0.000000,0
44,3:40:00,7243,external_origin,N,TR,0.000000,0
44,3:40:00,7243,external_origin,S,L,0.000000,0
44,3:40:00,7243,external_origin,S,TR,0.000000,0
44,3:40:00,7142,internal_destination,E,L,0.000000,0
44,3:40:00,7142,internal_destination,E,T,3.000000,0
44,3:40:00,7142,internal_destination,E,R,0.000000,0
44,3:40:00,7142,external_origin,W,L,0.000000,0
44,3:40:00,7142,external_origin,W,T,2.000000,0
44,3:40:00,7142,external_origin,W,R,0.000000,0
44,3:40:00,7142,external_origin,N,L,0.000000,0
44,3:40:00,7142,external_origin,N,T,1.000000,0
44,3:40:00,7142,external_origin,N,TR,1.000000,0
44,3:40:00,7142,external_origin,S,L,0.000000,0
44,3:40:00,7142,external_origin,S,T,0.000000,0
44,3:40:00,7142,external_origin,S,TR,1.000000,0
45,3:45:00,7243,external_origin,E,L,0.000000,0
45,3:45:00,7243,external_origin,E,T,3.000000,0
45,3:45:00,7243,external_origin,E,TR,0.000000,0
45,3:45:00,7243,internal_destination,W,T,2.000000,0
45,3:45:00,7243,internal_destination,W,TR,0.000000,0
45,3:45:00,7243,external_origin,N,L,0.000000,0
45,3:45:00,7243,external_origin,N,TR,0.000000,0
45,3:45:00,7243,external_origin,S,L,0.000000,0
45,3:45:00,7243,external_origin,S,TR,0.000000,0
45,3:45:00,7142,internal_destination,E,L,0.000000,0
45,3:45:00,7142,internal_destination,E,T,3.000000,0
45,3:45:00,7142,internal_destination,E,R,0.000000,0
45,3:45:00,7142,external_origin,W,L,0.000000,0
45,3:45:00,7142,external_origin,W,T,2.000000,0
45,3:45:00,7142,external_origin,W,R,0.000000,0
45,3:45:00,7142,external_origin,N,L,0.000000,0
45,3:45:00,7142,external_origin,N,T,2.000000,0
45,3:45:00,7142,external_origin,N,TR,1.000000,0
45,3:45:00,7142,external_origin,S,L,0.000000,0
45,3:45:00,7142,external_origin,S,T,1.000000,0
45,3:45:00,7142,external_origin,S,TR,1.000000,0
46,3:50:00,7243,external_origin,E,L,0.000000,0
46,3:50:00,7243,external_origin,E,T,3.000000,0
46,3:50:00,7243,external_origin,E,TR,0.000000,0
46,3:50:00,7243,internal_destination,W,T,2.000000,0
46,3:50:00,7243,internal_destination,W,TR,0.000000,0
46,3:50:00,7243,external_origin,N,L,0.000000,0
46,3:50:00,7243,external_origin,N,TR,0.000000,0
46,3:50:00,7243,external_origin,S,L,0.000000,0
46,3:50:00,7243,external_origin,S,TR,0.000000,0
46,3:50:00,7142,internal_destination,E,L,0.000000,0
46,3:50:00,7142,internal_destination,E,T,4.000000,0
46,3:50:00,7142,internal_destination,E,R,0.000000,0
46,3:50:00,7142,external_origin,W,L,0.000000,0
46,3:50:00,7142,external_origin,W,T,2.000000,0
46,3:50:00,7142,external_origin,W,R,0.000000,0
46,3:50:00,7142,external_origin,N,L,0.000000,0
46,3:50:00,7142,external_origin,N,T,2.000000,0
46,3:50:00,7142,external_origin,N,TR,1.000000,0
46,3:50:00,7142,external_origin,S,L,1.000000,0
46,3:50:00,7142,external_origin,S,T,1.000000,0
46,3:50:00,7142,external_origin,S,TR,1.000000,0
47,3:55:00,7243,external_origin,E,L,0.000000,0
47,3:55:00,7243,external_origin,E,T,3.000000,0
47,3:55:00,7243,external_origin,E,TR,0.000000,0
47,3:55:00,7243,internal_destination,W,T,2.000000,0
47,3:55:00,7243,internal_destination,W,TR,0.000000,0
47,3:55:00,7243,external_origin,N,L,0.000000,0
47,3:55:00,7243,external_origin,N,TR,0.000000,0
47,3:55:00,7243,external_origin,S,L,0.000000,0
47,3:55:00,7243,external_origin,S,TR,0.000000,0
47,3:55:00,7142,internal_destination,E,L,0.000000,0
47,3:55:00,7142,internal_destination,E,T,3.000000,0
47,3:55:00,7142,internal_destination,E,R,0.000000,0
47,3:55:00,7142,external_origin,W,L,0.000000,0
47,3:55:00,7142,external_origin,W,T,2.000000,0
47,3:55:00,7142,external_origin,W,R,0.000000,0
47,3:55:00,7142,external_origin,N,L,0.000000,0
47,3:55:00,7142,external_origin,N,T,1.000000,0
47,3:55:00,7142,external_origin,N,TR,1.000000,0
47,3:55:00,7142,external_origin,S,L,0.000000,0
47,3:55:00,7142,external_origin,S,T,1.000000,0
47,3:55:00,7142,external_origin,S,TR,1.000000,0
48,4:00:00,7243,external_origin,E,L,0.000000,0
48,4:00:00,7243,external_origin,E,T,3.000000,0
48,4:00:00,7243,external_origin,E,TR,0.000000,0
48,4:00:00,7243,internal_destination,W,T,2.000000,0
48,4:00:00,7243,internal_destination,W,TR,0.000000,0
48,4:00:00,7243,external_origin,N,L,0.000000,0
48,4:00:00,7243,external_origin,N,TR,0.000000,0
48,4:00:00,7243,external_origin,S,L,0.000000,0
48,4:00:00,7243,external_origin,S,TR,0.000000,0
48,4:00:00,7142,internal_destination,E,L,0.000000,0
48,4:00:00,7142,internal_destination,E,T,3.000000,0
48,4:00:00,7142,internal_destination,E,R,0.000000,0
48,4:00:00,7142,external_origin,W,L,0.000000,0
48,4:00:00,7142,external_origin,W,T,2.000000,0
48,4:00:00,7142,external_origin,W,R,0.000000,0
48,4:00:00,7142,external_origin,N,L,0.000000,0
48,4:00:00,7142,external_origin,N,T,2.000000,0
48,4:00:00,7142,external_origin,N,TR,1.000000,0
48,4:00:00,7142,external_origin,S,L,0.000000,0
48,4:00:00,7142,external_origin,S,T,1.000000,0
48,4:00:00,7142,external_origin,S,TR,2.000000,0
49,4:05:00,7243,external_origin,E,L,0.000000,0
49,4:05:00,7243,external_origin,E,T,3.000000,0
49,4:05:00,7243,external_origin,E,TR,0.000000,0
49,4:05:00,7243,internal_destination,W,T,2.000000,0
49,4:05:00,7243,internal_destination,W,TR,1.000000,0
49,4:05:00,7243,external_origin,N,L,0.000000,0
49,4:05:00,7243,external_origin,N,TR,0.000000,0
49,4:05:00,7243,external_origin,S,L,0.000000,0
49,4:05:00,7243,external_origin,S,TR,0.000000,0
49,4:05:00,7142,internal_destination,E,L,0.000000,0
49,4:05:00,7142,internal_destination,E,T,3.000000,0
49,4:05:00,7142,internal_destination,E,R,0.000000,0
49,4:05:00,7142,external_origin,W,L,0.000000,0
49,4:05:00,7142,external_origin,W,T,2.000000,0
49,4:05:00,7142,external_origin,W,R,0.000000,0
49,4:05:00,7142,external_origin,N,L,0.000000,0
49,4:05:00,7142,external_origin,N,T,2.000000,0
49,4:05:00,7142,external_origin,N,TR,1.000000,0
49,4:05:00,7142,external_origin,S,L,0.000000,0
49,4:05:00,7142,external_origin,S,T,1.000000,0
49,4:05:00,7142,external_origin,S,TR,2.000000,0
50,4:10:00,7243,external_origin,E,L,0.000000,0
50,4:10:00,7243,external_origin,E,T,4.000000,0
50,4:10:00,7243,external_origin,E,TR,0.000000,0
50,4:10:00,7243,internal_destination,W,T,3.000000,0
50,4:10:00,7243,internal_destination,W,TR,1.000000,0
50,4:10:00,7243,external_origin,N,L,0.000000,0
50,4:10:00,7243,external_origin,N,TR,0.000000,0
50,4:10:00,7243,external_origin,S,L,0.000000,0
50,4:10:00,7243,external_origin,S,TR,0.000000,0
50,4:10:00,7142,internal_destination,E,L,1.000000,0
50,4:10:00,7142,internal_destination,E,T,3.000000,0
50,4:10:00,7142,internal_destination,E,R,0.000000,0
50,4:10:00,7142,external_origin,W,L,0.000000,0
50,4:10:00,7142,external_origin,W,T,3.000000,0
50,4:10:00,7142,external_origin,W,R,0.000000,0
50,4:10:00,7142,external_origin,N,L,0.000000,0
50,4:10:00,7142,external_origin,N,T,2.000000,0
50,4:10:00,7142,external_origin,N,TR,1.000000,0
50,4:10:00,7142,external_origin,S,L,0.000000,0
50,4:10:00,7142,external_origin,S,T,1.000000,0
50,4:10:00,7142,external_origin,S,TR,1.000000,0
51,4:15:00,7243,external_origin,E,L,0.000000,0
51,4:15:00,7243,external_origin,E,T,3.000000,0
51,4:15:00,7243,external_origin,E,TR,0.000000,0
51,4:15:00,7243,internal_destination,W,T,3.000000,0
51,4:15:00,7243,internal_destination,W,TR,1.000000,0
51,4:15:00,7243,external_origin,N,L,0.000000,0
51,4:15:00,7243,external_origin,N,TR,0.000000,0
51,4:15:00,7243,external_origin,S,L,0.000000,0
51,4:15:00,7243,external_origin,S,TR,0.000000,0
51,4:15:00,7142,internal_destination,E,L,0.000000,0
51,4:15:00,7142,internal_destination,E,T,3.000000,0
51,4:15:00,7142,internal_destination,E,R,0.000000,0
51,4:15:00,7142,external_origin,W,L,0.000000,0
51,4:15:00,7142,external_origin,W,T,3.000000,0
51,4:15:00,7142,external_origin,W,R,0.000000,0
51,4:15:00,7142,external_origin,N,L,0.000000,0
51,4:15:00,7142,external_origin,N,T,2.000000,0
51,4:15:00,7142,external_origin,N,TR,1.000000,0
51,4:15:00,7142,external_origin,S,L,0.000000,0
51,4:15:00,7142,external_origin,S,T,1.000000,0
51,4:15:00,7142,external_origin,S,TR,1.000000,0
52,4:20:00,7243,external_origin,E,L,0.000000,0
52,4:20:00,7243,external_origin,E,T,4.000000,0
52,4:20:00,7243,external_origin,E,TR,0.000000,0
52,4:20:00,7243,internal_destination,W,T,3.000000,0
52,4:20:00,7243,internal_destination,W,TR,1.000000,0
52,4:20:00,7243,external_origin,N,L,0.000000,0
52,4:20:00,7243,external_origin,N,TR,0.000000,0
52,4:20:00,7243,external_origin,S,L,0.000000,0
52,4:20:00,7243,external_origin,S,TR,0.000000,0
52,4:20:00,7142,internal_destination,E,L,0.000000,0
52,4:20:00,7142,internal_destination,E,T,4.000000,0
52,4:20:00,7142,internal_destination,E,R,0.000000,0
52,4:20:00,7142,external_origin,W,L,0.000000,0
52,4:20:00,7142,external_origin,W,T,2.000000,0
52,4:20:00,7142,external_origin,W,R,0.000000,0
52,4:20:00,7142,external_origin,N,L,1.000000,0
52,4:20:00,7142,external_origin,N,T,2.000000,0
52,4:20:00,7142,external_origin,N,TR,1.000000,0
52,4:20:00,7142,external_origin,S,L,0.000000,0
52,4:20:00,7142,external_origin,S,T,1.000000,0
52,4:20:00,7142,external_origin,S,TR,1.000000,0
53,4:25:00,7243,external_origin,E,L,0.000000,0
53,4:25:00,7243,external_origin,E,T,4.000000,0
53,4:25:00,7243,external_origin,E,TR,1.000000,0
53,4:25:00,7243,internal_destination,W,T,3.000000,0
53,4:25:00,7243,internal_destination,W,TR,0.000000,0
53,4:25:00,7243,external_origin,N,L,0.000000,0
53,4:25:00,7243,external_origin,N,TR,0.000000,0
53,4:25:00,7243,external_origin,S,L,0.000000,0
53,4:25:00,7243,external_origin,S,TR,0.000000,0
53,4:25:00,7142,internal_destination,E,L,0.000000,0
53,4:25:00,7142,internal_destination,E,T,4.000000,0
53,4:25:00,7142,internal_destination,E,R,0.000000,0
53,4:25:00,7142,external_origin,W,L,0.000000,0
53,4:25:00,7142,external_origin,W,T,2.000000,0
53,4:25:00,7142,external_origin,W,R,0.000000,0
53,4:25:00,7142,external_origin,N,L,0.000000,0
53,4:25:00,7142,external_origin,N,T,3.000000,0
53,4:25:00,7142,external_origin,N,TR,3.000000,0
53,4:25:00,7142,external_origin,S,L,0.000000,0
53,4:25:00,7142,external_origin,S,T,1.000000,0
53,4:25:00,7142,external_origin,S,TR,2.000000,0
54,4:30:00,7243,external_origin,E,L,0.000000,0
54,4:30:00,7243,external_origin,E,T,5.000000,0
54,4:30:00,7243,external_origin,E,TR,1.000000,0
54,4:30:00,7243,internal_destination,W,T,4.000000,0
54,4:30:00,7243,internal_destination,W,TR,1.000000,0
54,4:30:00,7243,external_origin,N,L,0.000000,0
54,4:30:00,7243,external_origin,N,TR,0.000000,0
54,4:30:00,7243,external_origin,S,L,0.000000,0
54,4:30:00,7243,external_origin,S,TR,0.000000,0
54,4:30:00,7142,internal_destination,E,L,0.000000,0
54,4:30:00,7142,internal_destination,E,T,4.000000,0
54,4:30:00,7142,internal_destination,E,R,0.000000,0
54,4:30:00,7142,external_origin,W,L,0.000000,0
54,4:30:00,7142,external_origin,W,T,3.000000,0
54,4:30:00,7142,external_origin,W,R,0.000000,0
54,4:30:00,7142,external_origin,N,L,0.000000,0
54,4:30:00,7142,external_origin,N,T,3.000000,0
54,4:30:00,7142,external_origin,N,TR,2.000000,0
54,4:30:00,7142,external_origin,S,L,0.000000,0
54,4:30:00,7142,external_origin,S,T,1.000000,0
54,4:30:00,7142,external_origin,S,TR,1.000000,0
55,4:35:00,7243,external_origin,E,L,0.000000,0
55,4:35:00,7243,external_origin,E,T,6.000000,0
55,4:35:00,7243,external_origin,E,TR,1.000000,0
55,4:35:00,7243,internal_destination,W,T,4.000000,0
55,4:35:00,7243,internal_destination,W,TR,1.000000,0
55,4:35:00,7243,external_origin,N,L,0.000000,0
55,4:35:00,7243,external_origin,N,TR,0.000000,0
55,4:35:00,7243,external_origin,S,L,0.000000,0
55,4:35:00,7243,external_origin,S,TR,0.000000,0
55,4:35:00,7142,internal_destination,E,L,0.000000,0
55,4:35:00,7142,internal_destination,E,T,6.000000,0
55,4:35:00,7142,internal_destination,E,R,0.000000,0
55,4:35:00,7142,external_origin,W,L,1.000000,0
55,4:35:00,7142,external_origin,W,T,4.000000,0
55,4:35:00,7142,external_origin,W,R,0.000000,0
55,4:35:00,7142,external_origin,N,L,0.000000,0
55,4:35:00,7142,external_origin,N,T,3.000000,0
55,4:35:00,7142,external_origin,N,TR,3.000000,0
55,4:35:00,7142,external_origin,S,L,1.000000,0
55,4:35:00,7142,external_origin,S,T,1.000000,0
55,4:35:00,7142,external_origin,S,TR,2.000000,0
56,4:40:00,7243,external_origin,E,L,0.000000,0
56,4:40:00,7243,external_origin,E,T,7.000000,0
56,4:40:00,7243,external_origin,E,TR,1.000000,0
56,4:40:00,7243,internal_destination,W,T,4.000000,0
56,4:40:00,7243,internal_destination,W,TR,1.000000,0
56,4:40:00,7243,external_origin,N,L,0.000000,0
56,4:40:00,7243,external_origin,N,TR,0.000000,0
56,4:40:00,7243,external_origin,S,L,0.000000,0
56,4:40:00,7243,external_origin,S,TR,0.000000,0
56,4:40:00,7142,internal_destination,E,L,0.000000,0
56,4:40:00,7142,internal_destination,E,T,7.000000,0
56,4:40:00,7142,internal_destination,E,R,0.000000,0
56,4:40:00,7142,external_origin,W,L,1.000000,0
56,4:40:00,7142,external_origin,W,T,4.000000,0
56,4:40:00,7142,external_origin,W,R,0.000000,0
56,4:40:00,7142,external_origin,N,L,0.000000,0
56,4:40:00,7142,external_origin,N,T,3.000000,0
56,4:40:00,7142,external_origin,N,TR,3.000000,0
56,4:40:00,7142,external_origin,S,L,1.000000,0
56,4:40:00,7142,external_origin,S,T,1.000000,0
56,4:40:00,7142,external_origin,S,TR,2.000000,0
57,4:45:00,7243,external_origin,E,L,0.000000,0
57,4:45:00,7243,external_origin,E,T,8.000000,0
57,4:45:00,7243,external_origin,E,TR,1.000000,0
57,4:45:00,7243,internal_destination,W,T,4.000000,0
57,4:45:00,7243,internal_destination,W,TR,1.000000,0
57,4:45:00,7243,external_origin,N,L,0.000000,0
57,4:45:00,7243,external_origin,N,TR,0.000000,0
57,4:45:00,7243,external_origin,S,L,0.000000,0
57,4:45:00,7243,external_origin,S,TR,0.000000,0
57,4:45:00,7142,internal_destination,E,L,0.000000,0
57,4:45:00,7142,internal_destination,E,T,8.000000,0
57,4:45:00,7142,internal_destination,E,R,0.000000,0
57,4:45:00,7142,external_origin,W,L,1.000000,0
57,4:45:00,7142,external_origin,W,T,3.000000,0
57,4:45:00,7142,external_origin,W,R,0.000000,0
57,4:45:00,7142,external_origin,N,L,1.000000,0
57,4:45:00,7142,external_origin,N,T,4.000000,0
57,4:45:00,7142,external_origin,N,TR,3.000000,0
57,4:45:00,7142,external_origin,S,L,1.000000,0
57,4:45:00,7142,external_origin,S,T,1.000000,0
57,4:45:00,7142,external_origin,S,TR,1.000000,0
58,4:50:00,7243,external_origin,E,L,0.000000,0
58,4:50:00,7243,external_origin,E,T,8.000000,0
58,4:50:00,7243,external_origin,E,TR,0.000000,0
58,4:50:00,7243,internal_destination,W,T,4.000000,0
58,4:50:00,7243,internal_destination,W,TR,1.000000,0
58,4:50:00,7243,external_origin,N,L,0.000000,0
58,4:50:00,7243,external_origin,N,TR,0.000000,0
58,4:50:00,7243,external_origin,S,L,0.000000,0
58,4:50:00,7243,external_origin,S,TR,0.000000,0
58,4:50:00,7142,internal_destination,E,L,1.000000,0
58,4:50:00,7142,internal_destination,E,T,8.000000,0
58,4:50:00,7142,internal_destination,E,R,0.000000,0
58,4:50:00,7142,external_origin,W,L,0.000000,0
58,4:50:00,7142,external_origin,W,T,4.000000,0
58,4:50:00,7142,external_origin,W,R,0.000000,0
58,4:50:00,7142,external_origin,N,L,1.000000,0
58,4:50:00,7142,external_origin,N,T,4.000000,0
58,4:50:00,7142,external_origin,N,TR,2.000000,0
58,4:50:00,7142,external_origin,S,L,0.000000,0
58,4:50:00,7142,external_origin,S,T,1.000000,0
58,4:50:00,7142,external_origin,S,TR,1.000000,0
59,4:55:00,7243,external_origin,E,L,0.000000,0
59,4:55:00,7243,external_origin,E,T,7.000000,0
59,4:55:00,7243,external_origin,E,TR,1.000000,0
59,4:55:00,7243,internal_destination,W,T,4.000000,0
59,4:55:00,7243,internal_destination,W,TR,0.000000,0
59,4:55:00,7243,external_origin,N,L,0.000000,0
59,4:55:00,7243,external_origin,N,TR,0.000000,0
59,4:55:00,7243,external_origin,S,L,0.000000,0
59,4:55:00,7243,external_origin,S,TR,0.000000,0
59,4:55:00,7142,internal_destination,E,L,1.000000,0
59,4:55:00,7142,internal_destination,E,T,7.000000,0
59,4:55:00,7142,internal_destination,E,R,0.000000,0
59,4:55:00,7142,external_origin,W,L,0.000000,0
59,4:55:00,7142,external_origin,W,T,4.000000,0
59,4:55:00,7142,external_origin,W,R,0.000000,0
59,4:55:00,7142,external_origin,N,L,1.000000,0
59,4:55:00,7142,external_origin,N,T,6.000000,0
59,4:55:00,7142,external_origin,N,TR,3.000000,0
59,4:55:00,7142,external_origin,S,L,0.000000,0
59,4:55:00,7142,external_origin,S,T,2.000000,0
59,4:55:00,7142,external_origin,S,TR,2.000000,0
60,5:00:00,7243,external_origin,E,L,0.000000,0
60,5:00:00,7243,external_origin,E,T,9.000000,0
60,5:00:00,7243,external_origin,E,TR,1.000000,0
60,5:00:00,7243,internal_destination,W,T,4.000000,0
60,5:00:00,7243,internal_destination,W,TR,1.000000,0
60,5:00:00,7243,external_origin,N,L,0.000000,0
60,5:00:00,7243,external_origin,N,TR,0.000000,0
60,5:00:00,7243,external_origin,S,L,0.000000,0
60,5:00:00,7243,external_origin,S,TR,1.000000,0
60,5:00:00,7142,internal_destination,E,L,0.000000,0
60,5:00:00,7142,internal_destination,E,T,8.000000,0
60,5:00:00,7142,internal_destination,E,R,0.000000,0
60,5:00:00,7142,external_origin,W,L,1.000000,0
60,5:00:00,7142,external_origin,W,T,3.000000,0
60,5:00:00,7142,external_origin,W,R,0.000000,0
60,5:00:00,7142,external_origin,N,L,1.000000,0
60,5:00:00,7142,external_origin,N,T,5.000000,0
60,5:00:00,7142,external_origin,N,TR,2.000000,0
60,5:00:00,7142,external_origin,S,L,0.000000,0
60,5:00:00,7142,external_origin,S,T,1.000000,0
60,5:00:00,7142,external_origin,S,TR,2.000000,0
61,5:05:00,7243,external_origin,E,L,0.000000,0
61,5:05:00,7243,external_origin,E,T,10.000000,0
61,5:05:00,7243,external_origin,E,TR,1.000000,0
61,5:05:00,7243,internal_destination,W,T,5.000000,0
61,5:05:00,7243,internal_destination,W,TR,1.000000,0
61,5:05:00,7243,external_origin,N,L,0.000000,0
61,5:05:00,7243,external_origin,N,TR,1.000000,0
61,5:05:00,7243,external_origin,S,L,0.000000,0
61,5:05:00,7243,external_origin,S,TR,1.000000,0
61,5:05:00,7142,internal_destination,E,L,1.000000,0
61,5:05:00,7142,internal_destination,E,T,8.000000,0
61,5:05:00,7142,internal_destination,E,R,1.000000,0
61,5:05:00,7142,external_origin,W,L,0.000000,0
61,5:05:00,7142,external_origin,W,T,4.000000,0
61,5:05:00,7142,external_origin,W,R,0.000000,0
61,5:05:00,7142,external_origin,N,L,0.000000,0
61,5:05:00,7142,external_origin,N,T,5.000000,0
61,5:05:00,7142,external_origin,N,TR,2.000000,0
61,5:05:00,7142,external_origin,S,L,0.000000,0
61,5:05:00,7142,external_origin,S,T,2.000000,0
61,5:05:00,7142,external_origin,S,TR,2.000000,0
62,5:10:00,7243,external_origin,E,L,0.000000,0
62,5:10:00,7243,external_origin,E,T,11.000000,0
62,5:10:00,7243,external_origin,E,TR,2.000000,0
62,5:10:00,7243,internal_destination,W,T,5.000000,0
62,5:10:00,7243,internal_destination,W,TR,1.000000,0
62,5:10:00,7243,external_origin,N,L,0.000000,0
62,5:10:00,7243,external_origin,N,TR,1.000000,0
62,5:10:00,7243,external_origin,S,L,0.000000,0
62,5:10:00,7243,external_origin,S,TR,0.000000,0
62,5:10:00,7142,internal_destination,E,L,1.000000,0
62,5:10:00,7142,internal_destination,E,T,10.000000,0
62,5:10:00,7142,internal_destination,E,R,0.000000,0
62,5:10:00,7142,external_origin,W,L,1.000000,0
62,5:10:00,7142,external_origin,W,T,6.000000,0
62,5:10:00,7142,external_origin,W,R,2.000000,0
62,5:10:00,7142,external_origin,N,L,0.000000,0
62,5:10:00,7142,external_origin,N,T,4.000000,0
62,5:10:00,7142,external_origin,N,TR,3.000000,0
62,5:10:00,7142,external_origin,S,L,1.000000,0
62,5:10:00,7142,external_origin,S,T,1.000000,0
62,5:10:00,7142,external_origin,S,TR,1.000000,0
63,5:15:00,7243,external_origin,E,L,0.000000,0
63,5:15:00,7243,external_origin,E,T,11.000000,0
63,5:15:00,7243,external_origin,E,TR,2.000000,0
63,5:15:00,7243,internal_destination,W,T,5.000000,0
63,5:15:00,7243,internal_destination,W,TR,1.000000,0
63,5:15:00,7243,external_origin,N,L,0.000000,0
63,5:15:00,7243,external_origin,N,TR,1.000000,0
63,5:15:00,7243,external_origin,S,L,0.000000,0
63,5:15:00,7243,external_origin,S,TR,1.000000,0
63,5:15:00,7142,internal_destination,E,L,1.000000,0
63,5:15:00,7142,internal_destination,E,T,11.000000,0
63,5:15:00,7142,internal_destination,E,R,1.000000,0
63,5:15:00,7142,external_origin,W,L,1.000000,0
63,5:15:00,7142,external_origin,W,T,4.000000,0
63,5:15:00,7142,external_origin,W,R,0.000000,0
63,5:15:00,7142,external_origin,N,L,1.000000,0
63,5:15:00,7142,external_origin,N,T,7.000000,0
63,5:15:00,7142,external_origin,N,TR,4.000000,0
63,5:15:00,7142,external_origin,S,L,0.000000,0
63,5:15:00,7142,external_origin,S,T,2.000000,0
63,5:15:00,7142,external_origin,S,TR,2.000000,0
64,5:20:00,7243,external_origin,E,L,0.000000,0
64,5:20:00,7243,external_origin,E,T,12.000000,0
64,5:20:00,7243,external_origin,E,TR,2.000000,0
64,5:20:00,7243,internal_destination,W,T,4.000000,0
64,5:20:00,7243,internal_destination,W,TR,1.000000,0
64,5:20:00,7243,external_origin,N,L,0.000000,0
64,5:20:00,7243,external_origin,N,TR,1.000000,0
64,5:20:00,7243,external_origin,S,L,0.000000,0
64,5:20:00,7243,external_origin,S,TR,1.000000,0
64,5:20:00,7142,internal_destination,E,L,0.000000,0
64,5:20:00,7142,internal_destination,E,T,14.000000,0
64,5:20:00,7142,internal_destination,E,R,1.000000,0
64,5:20:00,7142,external_origin,W,L,1.000000,0
64,5:20:00,7142,external_origin,W,T,5.000000,0
64,5:20:00,7142,external_origin,W,R,1.000000,0
64,5:20:00,7142,external_origin,N,L,1.000000,0
64,5:20:00,7142,external_origin,N,T,8.000000,0
64,5:20:00,7142,external_origin,N,TR,4.000000,0
64,5:20:00,7142,external_origin,S,L,0.000000,0
64,5:20:00,7142,external_origin,S,T,2.000000,0
64,5:20:00,7142,external_origin,S,TR,3.000000,0
65,5:25:00,7243,external_origin,E,L,0.000000,0
65,5:25:00,7243,external_origin,E,T,14.000000,0
65,5:25:00,7243,external_origin,E,TR,3.000000,0
65,5:25:00,7243,internal_destination,W,T,6.000000,0
65,5:25:00,7243,internal_destination,W,TR,1.000000,0
65,5:25:00,7243,external_origin,N,L,0.000000,0
65,5:25:00,7243,external_origin,N,TR,1.000000,0
65,5:25:00,7243,external_origin,S,L,0.000000,0
65,5:25:00,7243,external_origin,S,TR,1.000000,0
65,5:25:00,7142,internal_destination,E,L,1.000000,0
65,5:25:00,7142,internal_destination,E,T,13.000000,0
65,5:25:00,7142,internal_destination,E,R,1.000000,0
65,5:25:00,7142,external_origin,W,L,1.000000,0
65,5:25:00,7142,external_origin,W,T,4.000000,0
65,5:25:00,7142,external_origin,W,R,0.000000,0
65,5:25:00,7142,external_origin,N,L,1.000000,0
65,5:25:00,7142,external_origin,N,T,10.000000,0
65,5:25:00,7142,external_origin,N,TR,5.000000,0
65,5:25:00,7142,external_origin,S,L,0.000000,0
65,5:25:00,7142,external_origin,S,T,2.000000,0
65,5:25:00,7142,external_origin,S,TR,4.000000,0
66,5:30:00,7243,external_origin,E,L,0.000000,0
66,5:30:00,7243,external_origin,E,T,22.000000,0
66,5:30:00,7243,external_origin,E,TR,4.000000,0
66,5:30:00,7243,internal_destination,W,T,7.000000,0
66,5:30:00,7243,internal_destination,W,TR,1.000000,0
66,5:30:00,7243,external_origin,N,L,0.000000,0
66,5:30:00,7243,external_origin,N,TR,1.000000,0
66,5:30:00,7243,external_origin,S,L,0.000000,0
66,5:30:00,7243,external_origin,S,TR,1.000000,0
66,5:30:00,7142,internal_destination,E,L,2.000000,0
66,5:30:00,7142,internal_destination,E,T,19.000000,0
66,5:30:00,7142,internal_destination,E,R,1.000000,0
66,5:30:00,7142,external_origin,W,L,1.000000,0
66,5:30:00,7142,external_origin,W,T,6.000000,0
66,5:30:00,7142,external_origin,W,R,1.000000,0
66,5:30:00,7142,external_origin,N,L,2.000000,0
66,5:30:00,7142,external_origin,N,T,11.000000,0
66,5:30:00,7142,external_origin,N,TR,5.000000,0
66,5:30:00,7142,external_origin,S,L,0.000000,0
66,5:30:00,7142,external_origin,S,T,2.000000,0
66,5:30:00,7142,external_origin,S,TR,3.000000,0
67,5:35:00,7243,external_origin,E,L,0.000000,0
67,5:35:00,7243,external_origin,E,T,23.000000,0
67,5:35:00,7243,external_origin,E,TR,5.000000,0
67,5:35:00,7243,internal_destination,W,T,8.000000,0
67,5:35:00,7243,internal_destination,W,TR,2.000000,0
67,5:35:00,7243,external_origin,N,L,0.000000,0
67,5:35:00,7243,external_origin,N,TR,1.000000,0
67,5:35:00,7243,external_origin,S,L,0.000000,0
67,5:35:00,7243,external_origin,S,TR,1.000000,0
67,5:35:00,7142,internal_destination,E,L,2.000000,0
67,5:35:00,7142,internal_destination,E,T,24.000000,0
67,5:35:00,7142,internal_destination,E,R,2.000000,0
67,5:35:00,7142,external_origin,W,L,2.000000,0
67,5:35:00,7142,external_origin,W,T,8.000000,0
67,5:35:00,7142,external_origin,W,R,1.000000,0
67,5:35:00,7142,external_origin,N,L,3.000000,0
67,5:35:00,7142,external_origin,N,T,13.000000,0
67,5:35:00,7142,external_origin,N,TR,6.000000,0
67,5:35:00,7142,external_origin,S,L,0.000000,0
67,5:35:00,7142,external_origin,S,T,2.000000,0
67,5:35:00,7142,external_origin,S,TR,3.000000,0
68,5:40:00,7243,external_origin,E,L,0.000000,0
68,5:40:00,7243,external_origin,E,T,23.000000,0
68,5:40:00,7243,external_origin,E,TR,5.000000,0
68,5:40:00,7243,internal_destination,W,T,7.000000,0
68,5:40:00,7243,internal_destination,W,TR,1.000000,0
68,5:40:00,7243,external_origin,N,L,0.000000,0
68,5:40:00,7243,external_origin,N,TR,2.000000,0
68,5:40:00,7243,external_origin,S,L,0.000000,0
68,5:40:00,7243,external_origin,S,TR,1.000000,0
68,5:40:00,7142,internal_destination,E,L,2.000000,0
68,5:40:00,7142,internal_destination,E,T,25.000000,0
68,5:40:00,7142,internal_destination,E,R,2.000000,0
68,5:40:00,7142,external_origin,W,L,2.000000,0
68,5:40:00,7142,external_origin,W,T,8.000000,0
68,5:40:00,7142,external_origin,W,R,2.000000,0
68,5:40:00,7142,external_origin,N,L,4.000000,0
68,5:40:00,7142,external_origin,N,T,23.000000,0
68,5:40:00,7142,external_origin,N,TR,10.000000,0
68,5:40:00,7142,external_origin,S,L,1.000000,0
68,5:40:00,7142,external_origin,S,T,4.000000,0
68,5:40:00,7142,external_origin,S,TR,4.000000,0
69,5:45:00,7243,external_origin,E,L,1.000000,0
69,5:45:00,7243,external_origin,E,T,29.000000,0
69,5:45:00,7243,external_origin,E,TR,7.000000,0
69,5:45:00,7243,internal_destination,W,T,10.000000,0
69,5:45:00,7243,internal_destination,W,TR,2.000000,0
69,5:45:00,7243,external_origin,N,L,0.000000,0
69,5:45:00,7243,external_origin,N,TR,1.000000,0
69,5:45:00,7243,external_origin,S,L,0.000000,0
69,5:45:00,7243,external_origin,S,TR,2.000000,0
69,5:45:00,7142,internal_destination,E,L,2.000000,0
69,5:45:00,7142,internal_destination,E,T,25.000000,0
69,5:45:00,7142,internal_destination,E,R,3.000000,0
69,5:45:00,7142,external_origin,W,L,1.000000,0
69,5:45:00,7142,external_origin,W,T,8.000000,0
69,5:45:00,7142,external_origin,W,R,1.000000,0
69,5:45:00,7142,external_origin,N,L,5.000000,0
69,5:45:00,7142,external_origin,N,T,25.000000,0
69,5:45:00,7142,external_origin,N,TR,10.000000,0
69,5:45:00,7142,external_origin,S,L,1.000000,0
69,5:45:00,7142,external_origin,S,T,3.000000,0
69,5:45:00,7142,external_origin,S,TR,4.000000,0
70,5:50:00,7243,external_origin,E,L,1.000000,0
70,5:50:00,7243,external_origin,E,T,33.000000,0
70,5:50:00,7243,external_origin,E,TR,7.000000,0
70,5:50:00,7243,internal_destination,W,T,12.000000,0
70,5:50:00,7243,internal_destination,W,TR,2.000000,0
70,5:50:00,7243,external_origin,N,L,0.000000,0
70,5:50:00,7243,external_origin,N,TR,2.000000,0
70,5:50:00,7243,external_origin,S,L,0.000000,0
70,5:50:00,7243,external_origin,S,TR,1.000000,0
70,5:50:00,7142,internal_destination,E,L,3.000000,0
70,5:50:00,7142,internal_destination,E,T,35.000000,0
70,5:50:00,7142,internal_destination,E,R,3.000000,0
70,5:50:00,7142,external_origin,W,L,1.000000,0
70,5:50:00,7142,external_origin,W,T,11.000000,0
70,5:50:00,7142,external_origin,W,R,1.000000,0
70,5:50:00,7142,external_origin,N,L,6.000000,0
70,5:50:00,7142,external_origin,N,T,25.000000,0
70,5:50:00,7142,external_origin,N,TR,12.000000,0
70,5:50:00,7142,external_origin,S,L,1.000000,0
70,5:50:00,7142,external_origin,S,T,3.000000,0
70,5:50:00,7142,external_origin,S,TR,4.000000,0
71,5:55:00,7243,external_origin,E,L,1.000000,0
71,5:55:00,7243,external_origin,E,T,28.000000,0
71,5:55:00,7243,external_origin,E,TR,7.000000,0
71,5:55:00,7243,internal_destination,W,T,9.000000,0
71,5:55:00,7243,internal_destination,W,TR,2.000000,0
71,5:55:00,7243,external_origin,N,L,0.000000,0
71,5:55:00,7243,external_origin,N,TR,3.000000,0
71,5:55:00,7243,external_origin,S,L,2.000000,0
71,5:55:00,7243,external_origin,S,TR,2.000000,0
71,5:55:00,7142,internal_destination,E,L,4.000000,0
71,5:55:00,7142,internal_destination,E,T,28.000000,0
71,5:55:00,7142,internal_destination,E,R,2.000000,0
71,5:55:00,7142,external_origin,W,L,2.000000,0
71,5:55:00,7142,external_origin,W,T,9.000000,0
71,5:55:00,7142,external_origin,W,R,3.000000,0
71,5:55:00,7142,external_origin,N,L,3.000000,0
71,5:55:00,7142,external_origin,N,T,20.000000,0
71,5:55:00,7142,external_origin,N,TR,10.000000,0
71,5:55:00,7142,external_origin,S,L,1.000000,0
71,5:55:00,7142,external_origin,S,T,4.000000,0
71,5:55:00,7142,external_origin,S,TR,6.000000,0
72,6:00:00,7243,external_origin,E,L,0.000000,0
72,6:00:00,7243,external_origin,E,T,25.000000,0
72,6:00:00,7243,external_origin,E,TR,7.000000,0
72,6:00:00,7243,internal_destination,W,T,8.000000,0
72,6:00:00,7243,internal_destination,W,TR,3.000000,0
72,6:00:00,7243,external_origin,N,L,0.000000,0
72,6:00:00,7243,external_origin,N,TR,3.000000,0
72,6:00:00,7243,external_origin,S,L,0.000000,0
72,6:00:00,7243,external_origin,S,TR,2.000000,0
72,6:00:00,7142,internal_destination,E,L,3.000000,0
72,6:00:00,7142,internal_destination,E,T,24.000000,0
72,6:00:00,7142,internal_destination,E,R,2.000000,0
72,6:00:00,7142,external_origin,W,L,2.000000,0
72,6:00:00,7142,external_origin,W,T,9.000000,0
72,6:00:00,7142,external_origin,W,R,2.000000,0
72,6:00:00,7142,external_origin,N,L,3.000000,0
72,6:00:00,7142,external_origin,N,T,27.000000,0
72,6:00:00,7142,external_origin,N,TR,12.000000,0
72,6:00:00,7142,external_origin,S,L,1.000000,0
72,6:00:00,7142,external_origin,S,T,3.000000,0
72,6:00:00,7142,external_origin,S,TR,6.000000,0
73,6:05:00,7243,external_origin,E,L,0.000000,0
73,6:05:00,7243,external_origin,E,T,26.000000,0
73,6:05:00,7243,external_origin,E,TR,6.000000,0
73,6:05:00,7243,internal_destination,W,T,8.000000,0
73,6:05:00,7243,internal_destination,W,TR,3.000000,0
73,6:05:00,7243,external_origin,N,L,0.000000,0
73,6:05:00,7243,external_origin,N,TR,3.000000,0
73,6:05:00,7243,external_origin,S,L,1.000000,0
73,6:05:00,7243,external_origin,S,TR,1.000000,0
73,6:05:00,7142,internal_destination,E,L,4.000000,0
73,6:05:00,7142,internal_destination,E,T,24.000000,0
73,6:05:00,7142,internal_destination,E,R,2.000000,0
73,6:05:00,7142,external_origin,W,L,2.000000,0
73,6:05:00,7142,external_origin,W,T,8.000000,0
73,6:05:00,7142,external_origin,W,R,2.000000,0
73,6:05:00,7142,external_origin,N,L,3.000000,0
73,6:05:00,7142,external_origin,N,T,27.000000,0
73,6:05:00,7142,external_origin,N,TR,12.000000,0
73,6:05:00,7142,external_origin,S,L,1.000000,0
73,6:05:00,7142,external_origin,S,T,4.000000,0
73,6:05:00,7142,external_origin,S,TR,6.000000,0
74,6:10:00,7243,external_origin,E,L,0.000000,0
74,6:10:00,7243,external_origin,E,T,32.000000,0
74,6:10:00,7243,external_origin,E,TR,7.000000,0
74,6:10:00,7243,internal_destination,W,T,10.000000,0
74,6:10:00,7243,internal_destination,W,TR,3.000000,0
74,6:10:00,7243,external_origin,N,L,0.000000,0
74,6:10:00,7243,external_origin,N,TR,3.000000,0
74,6:10:00,7243,external_origin,S,L,2.000000,0
74,6:10:00,7243,external_origin,S,TR,2.000000,0
74,6:10:00,7142,internal_destination,E,L,3.000000,0
74,6:10:00,7142,internal_destination,E,T,26.000000,0
74,6:10:00,7142,internal_destination,E,R,2.000000,0
74,6:10:00,7142,external_origin,W,L,1.000000,0
74,6:10:00,7142,external_origin,W,T,10.000000,0
74,6:10:00,7142,external_origin,W,R,2.000000,0
74,6:10:00,7142,external_origin,N,L,3.000000,0
74,6:10:00,7142,external_origin,N,T,28.000000,0
74,6:10:00,7142,external_origin,N,TR,12.000000,0
74,6:10:00,7142,external_origin,S,L,1.000000,0
74,6:10:00,7142,external_origin,S,T,5.000000,0
74,6:10:00,7142,external_origin,S,TR,8.000000,0
75,6:15:00,7243,external_origin,E,L,0.000000,0
75,6:15:00,7243,external_origin,E,T,32.000000,0
75,6:15:00,7243,external_origin,E,TR,8.000000,0
75,6:15:00,7243,internal_destination,W,T,12.000000,0
75,6:15:00,7243,internal_destination,W,TR,4.000000,0
75,6:15:00,7243,external_origin,N,L,0.000000,0
75,6:15:00,7243,external_origin,N,TR,2.000000,0
75,6:15:00,7243,external_origin,S,L,0.000000,0
75,6:15:00,7243,external_origin,S,TR,2.000000,0
75,6:15:00,7142,internal_destination,E,L,5.000000,0
75,6:15:00,7142,internal_destination,E,T,32.000000,0
75,6:15:00,7142,internal_destination,E,R,2.000000,0
75,6:15:00,7142,external_origin,W,L,3.000000,0
75,6:15:00,7142,external_origin,W,T,13.000000,0
75,6:15:00,7142,external_origin,W,R,2.000000,0
75,6:15:00,7142,external_origin,N,L,2.000000,0
75,6:15:00,7142,external_origin,N,T,25.000000,0
75,6:15:00,7142,external_origin,N,TR,12.000000,0
75,6:15:00,7142,external_origin,S,L,1.000000,0
75,6:15:00,7142,external_origin,S,T,4.000000,0
75,6:15:00,7142,external_origin,S,TR,6.000000,0
76,6:20:00,7243,external_origin,E,L,1.000000,0
76,6:20:00,7243,external_origin,E,T,31.000000,0
76,6:20:00,7243,external_origin,E,TR,8.000000,0
76,6:20:00,7243,internal_destination,W,T,13.000000,0
76,6:20:00,7243,internal_destination,W,TR,4.000000,0
76,6:20:00,7243,external_origin,N,L,0.000000,0
76,6:20:00,7243,external_origin,N,TR,4.000000,0
76,6:20:00,7243,external_origin,S,L,1.000000,0
76,6:20:00,7243,external_origin,S,TR,1.000000,0
76,6:20:00,7142,internal_destination,E,L,4.000000,0
76,6:20:00,7142,internal_destination,E,T,32.000000,0
76,6:20:00,7142,internal_destination,E,R,2.000000,0
76,6:20:00,7142,external_origin,W,L,2.000000,0
76,6:20:00,7142,external_origin,W,T,14.000000,0
76,6:20:00,7142,external_origin,W,R,3.000000,0
76,6:20:00,7142,external_origin,N,L,2.000000,0
76,6:20:00,7142,external_origin,N,T,28.000000,0
76,6:20:00,7142,external_origin,N,TR,13.000000,0
76,6:20:00,7142,external_origin,S,L,2.000000,0
76,6:20:00,7142,external_origin,S,T,4.000000,0
76,6:20:00,7142,external_origin,S,TR,5.000000,0
77,6:25:00,7243,external_origin,E,L,0.000000,0
77,6:25:00,7243,external_origin,E,T,32.000000,0
77,6:25:00,7243,external_origin,E,TR,7.000000,0
77,6:25:00,7243,internal_destination,W,T,10.000000,0
77,6:25:00,7243,internal_destination,W,TR,3.000000,0
77,6:25:00,7243,external_origin,N,L,0.000000,0
77,6:25:00,7243,external_origin,N,TR,3.000000,0
77,6:25:00,7243,external_origin,S,L,2.000000,0
77,6:25:00,7243,external_origin,S,TR,2.000000,0
77,6:25:00,7142,internal_destination,E,L,5.000000,0
77,6:25:00,7142,internal_destination,E,T,31.000000,0
77,6:25:00,7142,internal_destination,E,R,2.000000,0
77,6:25:00,7142,external_origin,W,L,2.000000,0
77,6:25:00,7142,external_origin,W,T,15.000000,0
77,6:25:00,7142,external_origin,W,R,3.000000,0
77,6:25:00,7142,external_origin,N,L,3.000000,0
77,6:25:00,7142,external_origin,N,T,32.000000,0
77,6:25:00,7142,external_origin,N,TR,16.000000,0
77,6:25:00,7142,external_origin,S,L,1.000000,0
77,6:25:00,7142,external_origin,S,T,5.000000,0
77,6:25:00,7142,external_origin,S,TR,7.000000,0
78,6:30:00,7243,external_origin,E,L,0.000000,0
78,6:30:00,7243,external_origin,E,T,45.000000,0
78,6:30:00,7243,external_origin,E,TR,11.000000,0
78,6:30:00,7243,internal_destination,W,T,15.000000,0
78,6:30:00,7243,internal_destination,W,TR,4.000000,0
78,6:30:00,7243,external_origin,N,L,0.000000,0
78,6:30:00,7243,external_origin,N,TR,5.000000,0
78,6:30:00,7243,external_origin,S,L,1.000000,0
78,6:30:00,7243,external_origin,S,TR,2.000000,0
78,6:30:00,7142,internal_destination,E,L,3.000000,0
78,6:30:00,7142,internal_destination,E,T,43.000000,0
78,6:30:00,7142,internal_destination,E,R,3.000000,0
78,6:30:00,7142,external_origin,W,L,2.000000,0
78,6:30:00,7142,external_origin,W,T,13.000000,0
78,6:30:00,7142,external_origin,W,R,2.000000,0
78,6:30:00,7142,external_origin,N,L,2.000000,0
78,6:30:00,7142,external_origin,N,T,31.000000,0
78,6:30:00,7142,external_origin,N,TR,14.000000,0
78,6:30:00,7142,external_origin,S,L,2.000000,0
78,6:30:00,7142,external_origin,S,T,4.000000,0
78,6:30:00,7142,external_origin,S,TR,6.000000,0
79,6:35:00,7243,external_origin,E,L,0.000000,0
79,6:35:00,7243,external_origin,E,T,43.000000,0
79,6:35:00,7243,external_origin,E,TR,11.000000,0
79,6:35:00,7243,internal_destination,W,T,14.000000,0
79,6:35:00,7243,internal_destination,W,TR,4.000000,0
79,6:35:00,7243,external_origin,N,L,0.000000,0
79,6:35:00,7243,external_origin,N,TR,3.000000,0
79,6:35:00,7243,external_origin,S,L,1.000000,0
79,6:35:00,7243,external_origin,S,TR,2.000000,0
79,6:35:00,7142,internal_destination,E,L,3.000000,0
79,6:35:00,7142,internal_destination,E,T,37.000000,0
79,6:35:00,7142,internal_destination,E,R,2.000000,0
79,6:35:00,7142,external_origin,W,L,2.000000,0
79,6:35:00,7142,external_origin,W,T,13.000000,0
79,6:35:00,7142,external_origin,W,R,3.000000,0
79,6:35:00,7142,external_origin,N,L,4.000000,0
79,6:35:00,7142,external_origin,N,T,46.000000,0
79,6:35:00,7142,external_origin,N,TR,19.000000,0
79,6:35:00,7142,external_origin,S,L,2.000000,0
79,6:35:00,7142,external_origin,S,T,8.000000,0
79,6:35:00,7142,external_origin,S,TR,10.000000,0
80,6:40:00,7243,external_origin,E,L,1.000000,0
80,6:40:00,7243,external_origin,E,T,59.000000,0
80,6:40:00,7243,external_origin,E,TR,15.000000,0
80,6:40:00,7243,internal_destination,W,T,17.000000,0
80,6:40:00,7243,internal_destination,W,TR,5.000000,0
80,6:40:00,7243,external_origin,N,L,0.000000,0
80,6:40:00,7243,external_origin,N,TR,4.000000,0
80,6:40:00,7243,external_origin,S,L,2.000000,0
80,6:40:00,7243,external_origin,S,TR,3.000000,0
80,6:40:00,7142,internal_destination,E,L,5.000000,0
80,6:40:00,7142,internal_destination,E,T,57.000000,0
80,6:40:00,7142,internal_destination,E,R,3.000000,0
80,6:40:00,7142,external_origin,W,L,2.000000,0
80,6:40:00,7142,external_origin,W,T,19.000000,0
80,6:40:00,7142,external_origin,W,R,4.000000,0
80,6:40:00,7142,external_origin,N,L,3.000000,0
80,6:40:00,7142,external_origin,N,T,36.000000,0
80,6:40:00,7142,external_origin,N,TR,17.000000,0
80,6:40:00,7142,external_origin,S,L,3.000000,0
80,6:40:00,7142,external_origin,S,T,5.000000,0
80,6:40:00,7142,external_origin,S,TR,8.000000,0
81,6:45:00,7243,external_origin,E,L,1.000000,0
81,6:45:00,7243,external_origin,E,T,50.000000,0
81,6:45:00,7243,external_origin,E,TR,14.000000,0
81,6:45:00,7243,internal_destination,W,T,13.000000,0
81,6:45:00,7243,internal_destination,W,TR,5.000000,0
81,6:45:00,7243,external_origin,N,L,0.000000,0
81,6:45:00,7243,external_origin,N,TR,4.000000,0
81,6:45:00,7243,external_origin,S,L,0.000000,0
81,6:45:00,7243,external_origin,S,TR,2.000000,0
81,6:45:00,7142,internal_destination,E,L,3.000000,0
81,6:45:00,7142,internal_destination,E,T,37.000000,0
81,6:45:00,7142,internal_destination,E,R,3.000000,0
81,6:45:00,7142,external_origin,W,L,1.000000,0
81,6:45:00,7142,external_origin,W,T,13.000000,0
81,6:45:00,7142,external_origin,W,R,2.000000,0
81,6:45:00,7142,external_origin,N,L,4.000000,0
81,6:45:00,7142,external_origin,N,T,55.000000,0
81,6:45:00,7142,external_origin,N,TR,21.000000,0
81,6:45:00,7142,external_origin,S,L,3.000000,0
81,6:45:00,7142,external_origin,S,T,8.000000,0
81,6:45:00,7142,external_origin,S,TR,11.000000,0
82,6:50:00,7243,external_origin,E,L,1.000000,0
82,6:50:00,7243,external_origin,E,T,58.000000,0
82,6:50:00,7243,external_origin,E,TR,17.000000,0
82,6:50:00,7243,internal_destination,W,T,19.000000,0
82,6:50:00,7243,internal_destination,W,TR,6.000000,0
82,6:50:00,7243,external_origin,N,L,0.000000,0
82,6:50:00,7243,external_origin,N,TR,3.000000,0
82,6:50:00,7243,external_origin,S,L,1.000000,0
82,6:50:00,7243,external_origin,S,TR,2.000000,0
82,6:50:00,7142,internal_destination,E,L,5.000000,0
82,6:50:00,7142,internal_destination,E,T,61.000000,0
82,6:50:00,7142,internal_destination,E,R,6.000000,0
82,6:50:00,7142,external_origin,W,L,3.000000,0
82,6:50:00,7142,external_origin,W,T,21.000000,0
82,6:50:00,7142,external_origin,W,R,4.000000,0
82,6:50:00,7142,external_origin,N,L,2.000000,0
82,6:50:00,7142,external_origin,N,T,39.000000,0
82,6:50:00,7142,external_origin,N,TR,16.000000,0
82,6:50:00,7142,external_origin,S,L,3.000000,0
82,6:50:00,7142,external_origin,S,T,7.000000,0
82,6:50:00,7142,external_origin,S,TR,10.000000,0
83,6:55:00,7243,external_origin,E,L,1.000000,0
83,6:55:00,7243,external_origin,E,T,35.000000,0
83,6:55:00,7243,external_origin,E,TR,9.000000,0
83,6:55:00,7243,internal_destination,W,T,10.000000,0
83,6:55:00,7243,internal_destination,W,TR,3.000000,0
83,6:55:00,7243,external_origin,N,L,0.000000,0
83,6:55:00,7243,external_origin,N,TR,5.000000,0
83,6:55:00,7243,external_origin,S,L,2.000000,0
83,6:55:00,7243,external_origin,S,TR,3.000000,0
83,6:55:00,7142,internal_destination,E,L,3.000000,0
83,6:55:00,7142,internal_destination,E,T,34.000000,0
83,6:55:00,7142,internal_destination,E,R,3.000000,0
83,6:55:00,7142,external_origin,W,L,2.000000,0
83,6:55:00,7142,external_origin,W,T,12.000000,0
83,6:55:00,7142,external_origin,W,R,4.000000,0
83,6:55:00,7142,external_origin,N,L,5.000000,0
83,6:55:00,7142,external_origin,N,T,54.000000,0
83,6:55:00,7142,external_origin,N,TR,22.000000,0
83,6:55:00,7142,external_origin,S,L,4.000000,0
83,6:55:00,7142,external_origin,S,T,9.000000,0
83,6:55:00,7142,external_origin,S,TR,10.000000,0
84,7:00:00,7243,external_origin,E,L,1.000000,0
84,7:00:00,7243,external_origin,E,T,53.000000,0
84,7:00:00,7243,external_origin,E,TR,15.000000,0
84,7:00:00,7243,internal_destination,W,T,18.000000,0
84,7:00:00,7243,internal_destination,W,TR,6.000000,0
84,7:00:00,7243,external_origin,N,L,0.000000,0
84,7:00:00,7243,external_origin,N,TR,4.000000,0
84,7:00:00,7243,external_origin,S,L,1.000000,0
84,7:00:00,7243,external_origin,S,TR,4.000000,0
84,7:00:00,7142,internal_destination,E,L,5.000000,0
84,7:00:00,7142,internal_destination,E,T,47.000000,0
84,7:00:00,7142,internal_destination,E,R,5.000000,0
84,7:00:00,7142,external_origin,W,L,3.000000,0
84,7:00:00,7142,external_origin,W,T,19.000000,0
84,7:00:00,7142,external_origin,W,R,4.000000,0
84,7:00:00,7142,external_origin,N,L,4.000000,0
84,7:00:00,7142,external_origin,N,T,32.000000,0
84,7:00:00,7142,external_origin,N,TR,13.000000,0
84,7:00:00,7142,external_origin,S,L,2.000000,0
84,7:00:00,7142,external_origin,S,T,6.000000,0
84,7:00:00,7142,external_origin,S,TR,9.000000,0
85,7:05:00,7243,external_origin,E,L,1.000000,0
85,7:05:00,7243,external_origin,E,T,42.000000,0
85,7:05:00,7243,external_origin,E,TR,14.000000,0
85,7:05:00,7243,internal_destination,W,T,16.000000,0
85,7:05:00,7243,internal_destination,W,TR,5.000000,0
85,7:05:00,7243,external_origin,N,L,0.000000,0
85,7:05:00,7243,external_origin,N,TR,5.000000,0
85,7:05:00,7243,external_origin,S,L,1.000000,0
85,7:05:00,7243,external_origin,S,TR,3.000000,0
85,7:05:00,7142,internal_destination,E,L,4.000000,0
85,7:05:00,7142,internal_destination,E,T,36.000000,0
85,7:05:00,7142,internal_destination,E,R,3.000000,0
85,7:05:00,7142,external_origin,W,L,3.000000,0
85,7:05:00,7142,external_origin,W,T,14.000000,0
85,7:05:00,7142,external_origin,W,R,3.000000,0
85,7:05:00,7142,external_origin,N,L,5.000000,0
85,7:05:00,7142,external_origin,N,T,45.000000,0
85,7:05:00,7142,external_origin,N,TR,18.000000,0
85,7:05:00,7142,external_origin,S,L,3.000000,0
85,7:05:00,7142,external_origin,S,T,9.000000,0
85,7:05:00,7142,external_origin,S,TR,11.000000,0
86,7:10:00,7243,external_origin,E,L,1.000000,0
86,7:10:00,7243,external_origin,E,T,59.000000,0
86,7:10:00,7243,external_origin,E,TR,19.000000,0
86,7:10:00,7243,internal_destination,W,T,20.000000,0
86,7:10:00,7243,internal_destination,W,TR,8.000000,0
86,7:10:00,7243,external_origin,N,L,0.000000,0
86,7:10:00,7243,external_origin,N,TR,4.000000,0
86,7:10:00,7243,external_origin,S,L,2.000000,0
86,7:10:00,7243,external_origin,S,TR,3.000000,0
86,7:10:00,7142,internal_destination,E,L,5.000000,0
86,7:10:00,7142,internal_destination,E,T,59.000000,0
86,7:10:00,7142,internal_destination,E,R,5.000000,0
86,7:10:00,7142,external_origin,W,L,4.000000,0
86,7:10:00,7142,external_origin,W,T,23.000000,0
86,7:10:00,7142,external_origin,W,R,4.000000,0
86,7:10:00,7142,external_origin,N,L,3.000000,0
86,7:10:00,7142,external_origin,N,T,31.000000,0
86,7:10:00,7142,external_origin,N,TR,14.000000,0
86,7:10:00,7142,external_origin,S,L,2.000000,0
86,7:10:00,7142,external_origin,S,T,7.000000,0
86,7:10:00,7142,external_origin,S,TR,10.000000,0
87,7:15:00,7243,external_origin,E,L,1.000000,0
87,7:15:00,7243,external_origin,E,T,42.000000,0
87,7:15:00,7243,external_origin,E,TR,13.000000,0
87,7:15:00,7243,internal_destination,W,T,12.000000,0
87,7:15:00,7243,internal_destination,W,TR,5.000000,0
87,7:15:00,7243,external_origin,N,L,0.000000,0
87,7:15:00,7243,external_origin,N,TR,5.000000,0
87,7:15:00,7243,external_origin,S,L,1.000000,0
87,7:15:00,7243,external_origin,S,TR,3.000000,0
87,7:15:00,7142,internal_destination,E,L,3.000000,0
87,7:15:00,7142,internal_destination,E,T,39.000000,0
87,7:15:00,7142,internal_destination,E,R,4.000000,0
87,7:15:00,7142,external_origin,W,L,2.000000,0
87,7:15:00,7142,external_origin,W,T,14.000000,0
87,7:15:00,7142,external_origin,W,R,3.000000,0
87,7:15:00,7142,external_origin,N,L,5.000000,0
87,7:15:00,7142,external_origin,N,T,49.000000,0
87,7:15:00,7142,external_origin,N,TR,19.000000,0
87,7:15:00,7142,external_origin,S,L,5.000000,0
87,7:15:00,7142,external_origin,S,T,10.000000,0
87,7:15:00,7142,external_origin,S,TR,12.000000,0
88,7:20:00,7243,external_origin,E,L,1.000000,0
88,7:20:00,7243,external_origin,E,T,75.000000,0
88,7:20:00,7243,external_origin,E,TR,22.000000,0
88,7:20:00,7243,internal_destination,W,T,22.000000,0
88,7:20:00,7243,internal_destination,W,TR,9.000000,0
88,7:20:00,7243,external_origin,N,L,0.000000,0
88,7:20:00,7243,external_origin,N,TR,5.000000,0
88,7:20:00,7243,external_origin,S,L,1.000000,0
88,7:20:00,7243,external_origin,S,TR,3.000000,0
88,7:20:00,7142,internal_destination,E,L,5.000000,0
88,7:20:00,7142,internal_destination,E,T,71.000000,0
88,7:20:00,7142,internal_destination,E,R,8.000000,0
88,7:20:00,7142,external_origin,W,L,3.000000,0
88,7:20:00,7142,external_origin,W,T,25.000000,0
88,7:20:00,7142,external_origin,W,R,5.000000,0
88,7:20:00,7142,external_origin,N,L,4.000000,0
88,7:20:00,7142,external_origin,N,T,38.000000,0
88,7:20:00,7142,external_origin,N,TR,15.000000,0
88,7:20:00,7142,external_origin,S,L,2.000000,0
88,7:20:00,7142,external_origin,S,T,8.000000,0
88,7:20:00,7142,external_origin,S,TR,9.000000,0
89,7:25:00,7243,external_origin,E,L,1.000000,0
89,7:25:00,7243,external_origin,E,T,35.000000,0
89,7:25:00,7243,external_origin,E,TR,12.000000,0
89,7:25:00,7243,internal_destination,W,T,9.000000,0
89,7:25:00,7243,internal_destination,W,TR,4.000000,0
89,7:25:00,7243,external_origin,N,L,0.000000,0
89,7:25:00,7243,external_origin,N,TR,5.000000,0
89,7:25:00,7243,external_origin,S,L,1.000000,0
89,7:25:00,7243,external_origin,S,TR,3.000000,0
89,7:25:00,7142,internal_destination,E,L,4.000000,0
89,7:25:00,7142,internal_destination,E,T,46.000000,0
89,7:25:00,7142,internal_destination,E,R,6.000000,0
89,7:25:00,7142,external_origin,W,L,2.000000,0
89,7:25:00,7142,external_origin,W,T,16.000000,0
89,7:25:00,7142,external_origin,W,R,4.000000,0
89,7:25:00,7142,external_origin,N,L,6.000000,0
89,7:25:00,7142,external_origin,N,T,60.000000,0
89,7:25:00,7142,external_origin,N,TR,25.000000,0
89,7:25:00,7142,external_origin,S,L,4.000000,0
89,7:25:00,7142,external_origin,S,T,12.000000,0
89,7:25:00,7142,external_origin,S,TR,15.000000,0
90,7:30:00,7243,external_origin,E,L,1.000000,0
90,7:30:00,7243,external_origin,E,T,79.000000,0
90,7:30:00,7243,external_origin,E,TR,26.000000,0
90,7:30:00,7243,internal_destination,W,T,20.000000,0
90,7:30:00,7243,internal_destination,W,TR,7.000000,0
90,7:30:00,7243,external_origin,N,L,0.000000,0
90,7:30:00,7243,external_origin,N,TR,6.000000,0
90,7:30:00,7243,external_origin,S,L,1.000000,0
90,7:30:00,7243,external_origin,S,TR,5.000000,0
90,7:30:00,7142,internal_destination,E,L,6.000000,0
90,7:30:00,7142,internal_destination,E,T,74.000000,0
90,7:30:00,7142,internal_destination,E,R,7.000000,0
90,7:30:00,7142,external_origin,W,L,3.000000,0
90,7:30:00,7142,external_origin,W,T,21.000000,0
90,7:30:00,7142,external_origin,W,R,6.000000,0
90,7:30:00,7142,external_origin,N,L,4.000000,0
90,7:30:00,7142,external_origin,N,T,39.000000,0
90,7:30:00,7142,external_origin,N,TR,17.000000,0
90,7:30:00,7142,external_origin,S,L,2.000000,0
90,7:30:00,7142,external_origin,S,T,9.000000,0
90,7:30:00,7142,external_origin,S,TR,12.000000,0
91,7:35:00,7243,external_origin,E,L,1.000000,0
91,7:35:00,7243,external_origin,E,T,44.000000,0
91,7:35:00,7243,external_origin,E,TR,15.000000,0
91,7:35:00,7243,internal_destination,W,T,15.000000,0
91,7:35:00,7243,internal_destination,W,TR,5.000000,0
91,7:35:00,7243,external_origin,N,L,0.000000,0
91,7:35:00,7243,external_origin,N,TR,6.000000,0
91,7:35:00,7243,external_origin,S,L,1.000000,0
91,7:35:00,7243,external_origin,S,TR,3.000000,0
91,7:35:00,7142,internal_destination,E,L,5.000000,0
91,7:35:00,7142,internal_destination,E,T,55.000000,0
91,7:35:00,7142,internal_destination,E,R,6.000000,0
91,7:35:00,7142,external_origin,W,L,2.000000,0
91,7:35:00,7142,external_origin,W,T,17.000000,0
91,7:35:00,7142,external_origin,W,R,5.000000,0
91,7:35:00,7142,external_origin,N,L,8.000000,0
91,7:35:00,7142,external_origin,N,T,63.000000,0
91,7:35:00,7142,external_origin,N,TR,28.000000,0
91,7:35:00,7142,external_origin,S,L,4.000000,0
91,7:35:00,7142,external_origin,S,T,11.000000,0
91,7:35:00,7142,external_origin,S,TR,15.000000,0
92,7:40:00,7243,external_origin,E,L,2.000000,0
92,7:40:00,7243,external_origin,E,T,83.000000,0
92,7:40:00,7243,external_origin,E,TR,29.000000,0
92,7:40:00,7243,internal_destination,W,T,24.000000,0
92,7:40:00,7243,internal_destination,W,TR,11.000000,0
92,7:40:00,7243,external_origin,N,L,0.000000,0
92,7:40:00,7243,external_origin,N,TR,8.000000,0
92,7:40:00,7243,external_origin,S,L,3.000000,0
92,7:40:00,7243,external_origin,S,TR,5.000000,0
92,7:40:00,7142,internal_destination,E,L,7.000000,0
92,7:40:00,7142,internal_destination,E,T,70.000000,0
92,7:40:00,7142,internal_destination,E,R,8.000000,0
92,7:40:00,7142,external_origin,W,L,4.000000,0
92,7:40:00,7142,external_origin,W,T,32.000000,0
92,7:40:00,7142,external_origin,W,R,6.000000,0
92,7:40:00,7142,external_origin,N,L,6.000000,0
92,7:40:00,7142,external_origin,N,T,48.000000,0
92,7:40:00,7142,external_origin,N,TR,21.000000,0
92,7:40:00,7142,external_origin,S,L,3.000000,0
92,7:40:00,7142,external_origin,S,T,9.000000,0
92,7:40:00,7142,external_origin,S,TR,13.000000,0
93,7:45:00,7243,external_origin,E,L,1.000000,0
93,7:45:00,7243,external_origin,E,T,42.000000,0
93,7:45:00,7243,external_origin,E,TR,15.000000,0
93,7:45:00,7243,internal_destination,W,T,14.000000,0
93,7:45:00,7243,internal_destination,W,TR,6.000000,0
93,7:45:00,7243,external_origin,N,L,0.000000,0
93,7:45:00,7243,external_origin,N,TR,6.000000,0
93,7:45:00,7243,external_origin,S,L,1.000000,0
93,7:45:00,7243,external_origin,S,TR,3.000000,0
93,7:45:00,7142,internal_destination,E,L,4.000000,0
93,7:45:00,7142,internal_destination,E,T,52.000000,0
93,7:45:00,7142,internal_destination,E,R,8.000000,0
93,7:45:00,7142,external_origin,W,L,4.000000,0
93,7:45:00,7142,external_origin,W,T,20.000000,0
93,7:45:00,7142,external_origin,W,R,4.000000,0
93,7:45:00,7142,external_origin,N,L,9.000000,0
93,7:45:00,7142,external_origin,N,T,71.000000,0
93,7:45:00,7142,external_origin,N,TR,32.000000,0
93,7:45:00,7142,external_origin,S,L,4.000000,0
93,7:45:00,7142,external_origin,S,T,13.000000,0
93,7:45:00,7142,external_origin,S,TR,16.000000,0
94,7:50:00,7243,external_origin,E,L,1.000000,0
94,7:50:00,7243,external_origin,E,T,90.000000,0
94,7:50:00,7243,external_origin,E,TR,34.000000,0
94,7:50:00,7243,internal_destination,W,T,33.000000,0
94,7:50:00,7243,internal_destination,W,TR,16.000000,0
94,7:50:00,7243,external_origin,N,L,0.000000,0
94,7:50:00,7243,external_origin,N,TR,9.000000,0
94,7:50:00,7243,external_origin,S,L,1.000000,0
94,7:50:00,7243,external_origin,S,TR,4.000000,0
94,7:50:00,7142,internal_destination,E,L,6.000000,0
94,7:50:00,7142,internal_destination,E,T,79.000000,0
94,7:50:00,7142,internal_destination,E,R,10.000000,0
94,7:50:00,7142,external_origin,W,L,3.000000,0
94,7:50:00,7142,external_origin,W,T,35.000000,0
94,7:50:00,7142,external_origin,W,R,7.000000,0
94,7:50:00,7142,external_origin,N,L,8.000000,0
94,7:50:00,7142,external_origin,N,T,54.000000,0
94,7:50:00,7142,external_origin,N,TR,23.000000,0
94,7:50:00,7142,external_origin,S,L,3.000000,0
94,7:50:00,7142,external_origin,S,T,10.000000,0
94,7:50:00,7142,external_origin,S,TR,12.000000,0
95,7:55:00,7243,external_origin,E,L,1.000000,0
95,7:55:00,7243,external_origin,E,T,28.000000,0
95,7:55:00,7243,external_origin,E,TR,12.000000,0
95,7:55:00,7243,internal_destination,W,T,11.000000,0
95,7:55:00,7243,internal_destination,W,TR,5.000000,0
95,7:55:00,7243,external_origin,N,L,0.000000,0
95,7:55:00,7243,external_origin,N,TR,7.000000,0
95,7:55:00,7243,external_origin,S,L,2.000000,0
95,7:55:00,7243,external_origin,S,TR,4.000000,0
95,7:55:00,7142,internal_destination,E,L,4.000000,0
95,7:55:00,7142,internal_destination,E,T,44.000000,0
95,7:55:00,7142,internal_destination,E,R,8.000000,0
95,7:55:00,7142,external_origin,W,L,2.000000,0
95,7:55:00,7142,external_origin,W,T,21.000000,0
95,7:55:00,7142,external_origin,W,R,7.000000,0
95,7:55:00,7142,external_origin,N,L,12.000000,0
95,7:55:00,7142,external_origin,N,T,77.000000,0
95,7:55:00,7142,external_origin,N,TR,34.000000,0
95,7:55:00,7142,external_origin,S,L,5.000000,0
95,7:55:00,7142,external_origin,S,T,12.000000,0
95,7:55:00,7142,external_origin,S,TR,16.000000,0
96,8:00:00,7243,external_origin,E,L,2.000000,0
96,8:00:00,7243,external_origin,E,T,79.000000,0
96,8:00:00,7243,external_origin,E,TR,29.000000,0
96,8:00:00,7243,internal_destination,W,T,24.000000,0
96,8:00:00,7243,internal_destination,W,TR,10.000000,0
96,8:00:00,7243,external_origin,N,L,0.000000,0
96,8:00:00,7243,external_origin,N,TR,9.000000,0
96,8:00:00,7243,external_origin,S,L,1.000000,0
96,8:00:00,7243,external_origin,S,TR,5.000000,0
96,8:00:00,7142,internal_destination,E,L,6.000000,0
96,8:00:00,7142,internal_destination,E,T,65.000000,0
96,8:00:00,7142,internal_destination,E,R,11.000000,0
96,8:00:00,7142,external_origin,W,L,4.000000,0
96,8:00:00,7142,external_origin,W,T,25.000000,0
96,8:00:00,7142,external_origin,W,R,7.000000,0
96,8:00:00,7142,external_origin,N,L,7.000000,0
96,8:00:00,7142,external_origin,N,T,51.000000,0
96,8:00:00,7142,external_origin,N,TR,22.000000,0
96,8:00:00,7142,external_origin,S,L,4.000000,0
96,8:00:00,7142,external_origin,S,T,11.000000,0
96,8:00:00,7142,external_origin,S,TR,13.000000,0
97,8:05:00,7243,external_origin,E,L,1.000000,0
97,8:05:00,7243,external_origin,E,T,34.000000,0
97,8:05:00,7243,external_origin,E,TR,14.000000,0
97,8:05:00,7243,internal_destination,W,T,13.000000,0
97,8:05:00,7243,internal_destination,W,TR,5.000000,0
97,8:05:00,7243,external_origin,N,L,0.000000,0
97,8:05:00,7243,external_origin,N,TR,8.000000,0
97,8:05:00,7243,external_origin,S,L,1.000000,0
97,8:05:00,7243,external_origin,S,TR,4.000000,0
97,8:05:00,7142,internal_destination,E,L,4.000000,0
97,8:05:00,7142,internal_destination,E,T,54.000000,0
97,8:05:00,7142,internal_destination,E,R,8.000000,0
97,8:05:00,7142,external_origin,W,L,2.000000,0
97,8:05:00,7142,external_origin,W,T,22.000000,0
97,8:05:00,7142,external_origin,W,R,6.000000,0
97,8:05:00,7142,external_origin,N,L,10.000000,0
97,8:05:00,7142,external_origin,N,T,73.000000,0
97,8:05:00,7142,external_origin,N,TR,29.000000,0
97,8:05:00,7142,external_origin,S,L,4.000000,0
97,8:05:00,7142,external_origin,S,T,16.000000,0
97,8:05:00,7142,external_origin,S,TR,15.000000,0
98,8:10:00,7243,external_origin,E,L,3.000000,0
98,8:10:00,7243,external_origin,E,T,86.000000,0
98,8:10:00,7243,external_origin,E,TR,34.000000,0
98,8:10:00,7243,internal_destination,W,T,27.000000,0
98,8:10:00,7243,internal_destination,W,TR,13.000000,0
98,8:10:00,7243,external_origin,N,L,0.000000,0
98,8:10:00,7243,external_origin,N,TR,11.000000,0
98,8:10:00,7243,external_origin,S,L,3.000000,0
98,8:10:00,7243,external_origin,S,TR,5.000000,0
98,8:10:00,7142,internal_destination,E,L,6.000000,0
98,8:10:00,7142,internal_destination,E,T,68.000000,0
98,8:10:00,7142,internal_destination,E,R,10.000000,0
98,8:10:00,7142,external_origin,W,L,4.000000,0
98,8:10:00,7142,external_origin,W,T,32.000000,0
98,8:10:00,7142,external_origin,W,R,7.000000,0
98,8:10:00,7142,external_origin,N,L,7.000000,0
98,8:10:00,7142,external_origin,N,T,54.000000,0
98,8:10:00,7142,external_origin,N,TR,24.000000,0
98,8:10:00,7142,external_origin,S,L,4.000000,0
98,8:10:00,7142,external_origin,S,T,12.000000,0
98,8:10:00,7142,external_origin,S,TR,13.000000,0
99,8:15:00,7243,external_origin,E,L,1.000000,0
99,8:15:00,7243,external_origin,E,T,41.000000,0
99,8:15:00,7243,external_origin,E,TR,15.000000,0
99,8:15:00,7243,internal_destination,W,T,14.000000,0
99,8:15:00,7243,internal_destination,W,TR,5.000000,0
99,8:15:00,7243,external_origin,N,L,0.000000,0
99,8:15:00,7243,external_origin,N,TR,6.000000,0
99,8:15:00,7243,external_origin,S,L,2.000000,0
99,8:15:00,7243,external_origin,S,TR,4.000000,0
99,8:15:00,7142,internal_destination,E,L,4.000000,0
99,8:15:00,7142,internal_destination,E,T,48.000000,0
99,8:15:00,7142,internal_destination,E,R,8.000000,0
99,8:15:00,7142,external_origin,W,L,2.000000,0
99,8:15:00,7142,external_origin,W,T,17.000000,0
99,8:15:00,7142,external_origin,W,R,4.000000,0
99,8:15:00,7142,external_origin,N,L,11.000000,0
99,8:15:00,7142,external_origin,N,T,74.000000,0
99,8:15:00,7142,external_origin,N,TR,32.000000,0
99,8:15:00,7142,external_origin,S,L,5.000000,0
99,8:15:00,7142,external_origin,S,T,14.000000,0
99,8:15:00,7142,external_origin,S,TR,17.000000,0
100,8:20:00,7243,external_origin,E,L,2.000000,0
100,8:20:00,7243,external_origin,E,T,82.000000,0
100,8:20:00,7243,external_origin,E,TR,31.000000,0
100,8:20:00,7243,internal_destination,W,T,29.000000,0
100,8:20:00,7243,internal_destination,W,TR,14.000000,0
100,8:20:00,7243,external_origin,N,L,0.000000,0
100,8:20:00,7243,external_origin,N,TR,11.000000,0
100,8:20:00,7243,external_origin,S,L,2.000000,0
100,8:20:00,7243,external_origin,S,TR,5.000000,0
100,8:20:00,7142,internal_destination,E,L,5.000000,0
100,8:20:00,7142,internal_destination,E,T,69.000000,0
100,8:20:00,7142,internal_destination,E,R,10.000000,0
100,8:20:00,7142,external_origin,W,L,4.000000,0
100,8:20:00,7142,external_origin,W,T,32.000000,0
100,8:20:00,7142,external_origin,W,R,7.000000,0
100,8:20:00,7142,external_origin,N,L,9.000000,0
100,8:20:00,7142,external_origin,N,T,54.000000,0
100,8:20:00,7142,external_origin,N,TR,25.000000,0
100,8:20:00,7142,external_origin,S,L,5.000000,0
100,8:20:00,7142,external_origin,S,T,10.000000,0
100,8:20:00,7142,external_origin,S,TR,11.000000,0
101,8:25:00,7243,external_origin,E,L,1.000000,0
101,8:25:00,7243,external_origin,E,T,39.000000,0
101,8:25:00,7243,external_origin,E,TR,15.000000,0
101,8:25:00,7243,internal_destination,W,T,13.000000,0
101,8:25:00,7243,internal_destination,W,TR,6.000000,0
101,8:25:00,7243,external_origin,N,L,0.000000,0
101,8:25:00,7243,external_origin,N,TR,8.000000,0
101,8:25:00,7243,external_origin,S,L,2.000000,0
101,8:25:00,7243,external_origin,S,TR,4.000000,0
101,8:25:00,7142,internal_destination,E,L,4.000000,0
101,8:25:00,7142,internal_destination,E,T,45.000000,0
101,8:25:00,7142,internal_destination,E,R,8.000000,0
101,8:25:00,7142,external_origin,W,L,3.000000,0
101,8:25:00,7142,external_origin,W,T,22.000000,0
101,8:25:00,7142,external_origin,W,R,6.000000,0
101,8:25:00,7142,external_origin,N,L,12.000000,0
101,8:25:00,7142,external_origin,N,T,71.000000,0
101,8:25:00,7142,external_origin,N,TR,34.000000,0
101,8:25:00,7142,external_origin,S,L,5.000000,0
101,8:25:00,7142,external_origin,S,T,15.000000,0
101,8:25:00,7142,external_origin,S,TR,16.000000,0
102,8:30:00,7243,external_origin,E,L,2.000000,0
102,8:30:00,7243,external_origin,E,T,82.000000,0
102,8:30:00,7243,external_origin,E,TR,32.000000,0
102,8:30:00,7243,internal_destination,W,T,26.000000,0
102,8:30:00,7243,internal_destination,W,TR,10.000000,0
102,8:30:00,7243,external_origin,N,L,0.000000,0
102,8:30:00,7243,external_origin,N,TR,12.000000,0
102,8:30:00,7243,external_origin,S,L,1.000000,0
102,8:30:00,7243,external_origin,S,TR,5.000000,0
102,8:30:00,7142,internal_destination,E,L,6.000000,0
102,8:30:00,7142,internal_destination,E,T,62.000000,0
102,8:30:00,7142,internal_destination,E,R,9.000000,0
102,8:30:00,7142,external_origin,W,L,4.000000,0
102,8:30:00,7142,external_origin,W,T,29.000000,0
102,8:30:00,7142,external_origin,W,R,7.000000,0
102,8:30:00,7142,external_origin,N,L,7.000000,0
102,8:30:00,7142,external_origin,N,T,52.000000,0
102,8:30:00,7142,external_origin,N,TR,26.000000,0
102,8:30:00,7142,external_origin,S,L,3.000000,0
102,8:30:00,7142,external_origin,S,T,10.000000,0
102,8:30:00,7142,external_origin,S,TR,14.000000,0
103,8:35:00,7243,external_origin,E,L,2.000000,0
103,8:35:00,7243,external_origin,E,T,38.000000,0
103,8:35:00,7243,external_origin,E,TR,19.000000,0
103,8:35:00,7243,internal_destination,W,T,18.000000,0
103,8:35:00,7243,internal_destination,W,TR,8.000000,0
103,8:35:00,7243,external_origin,N,L,0.000000,0
103,8:35:00,7243,external_origin,N,TR,9.000000,0
103,8:35:00,7243,external_origin,S,L,2.000000,0
103,8:35:00,7243,external_origin,S,TR,4.000000,0
103,8:35:00,7142,internal_destination,E,L,5.000000,0
103,8:35:00,7142,internal_destination,E,T,56.000000,0
103,8:35:00,7142,internal_destination,E,R,10.000000,0
103,8:35:00,7142,external_origin,W,L,3.000000,0
103,8:35:00,7142,external_origin,W,T,21.000000,0
103,8:35:00,7142,external_origin,W,R,6.000000,0
103,8:35:00,7142,external_origin,N,L,11.000000,0
103,8:35:00,7142,external_origin,N,T,75.000000,0
103,8:35:00,7142,external_origin,N,TR,32.000000,0
103,8:35:00,7142,external_origin,S,L,5.000000,0
103,8:35:00,7142,external_origin,S,T,17.000000,0
103,8:35:00,7142,external_origin,S,TR,18.000000,0
104,8:40:00,7243,external_origin,E,L,3.000000,0
104,8:40:00,7243,external_origin,E,T,81.000000,0
104,8:40:00,7243,external_origin,E,TR,33.000000,0
104,8:40:00,7243,internal_destination,W,T,29.000000,0
104,8:40:00,7243,internal_destination,W,TR,12.000000,0
104,8:40:00,7243,external_origin,N,L,1.000000,0
104,8:40:00,7243,external_origin,N,TR,13.000000,0
104,8:40:00,7243,external_origin,S,L,3.000000,0
104,8:40:00,7243,external_origin,S,TR,5.000000,0
104,8:40:00,7142,internal_destination,E,L,6.000000,0
104,8:40:00,7142,internal_destination,E,T,63.000000,0
104,8:40:00,7142,internal_destination,E,R,11.000000,0
104,8:40:00,7142,external_origin,W,L,4.000000,0
104,8:40:00,7142,external_origin,W,T,33.000000,0
104,8:40:00,7142,external_origin,W,R,9.000000,0
104,8:40:00,7142,external_origin,N,L,9.000000,0
104,8:40:00,7142,external_origin,N,T,54.000000,0
104,8:40:00,7142,external_origin,N,TR,25.000000,0
104,8:40:00,7142,external_origin,S,L,4.000000,0
104,8:40:00,7142,external_origin,S,T,12.000000,0
104,8:40:00,7142,external_origin,S,TR,14.000000,0
105,8:45:00,7243,external_origin,E,L,2.000000,0
105,8:45:00,7243,external_origin,E,T,40.000000,0
105,8:45:00,7243,external_origin,E,TR,17.000000,0
105,8:45:00,7243,internal_destination,W,T,14.000000,0
105,8:45:00,7243,internal_destination,W,TR,6.000000,0
105,8:45:00,7243,external_origin,N,L,0.000000,0
105,8:45:00,7243,external_origin,N,TR,9.000000,0
105,8:45:00,7243,external_origin,S,L,1.000000,0
105,8:45:00,7243,external_origin,S,TR,4.000000,0
105,8:45:00,7142,internal_destination,E,L,4.000000,0
105,8:45:00,7142,internal_destination,E,T,47.000000,0
105,8:45:00,7142,internal_destination,E,R,9.000000,0
105,8:45:00,7142,external_origin,W,L,2.000000,0
105,8:45:00,7142,external_origin,W,T,18.000000,0
105,8:45:00,7142,external_origin,W,R,6.000000,0
105,8:45:00,7142,external_origin,N,L,13.000000,0
105,8:45:00,7142,external_origin,N,T,74.000000,0
105,8:45:00,7142,external_origin,N,TR,35.000000,0
105,8:45:00,7142,external_origin,S,L,7.000000,0
105,8:45:00,7142,external_origin,S,T,16.000000,0
105,8:45:00,7142,external_origin,S,TR,18.000000,0
106,8:50:00,7243,external_origin,E,L,3.000000,0
106,8:50:00,7243,external_origin,E,T,84.000000,0
106,8:50:00,7243,external_origin,E,TR,32.000000,0
106,8:50:00,7243,internal_destination,W,T,31.000000,0
106,8:50:00,7243,internal_destination,W,TR,12.000000,0
106,8:50:00,7243,external_origin,N,L,1.000000,0
106,8:50:00,7243,external_origin,N,TR,12.000000,0
106,8:50:00,7243,external_origin,S,L,2.000000,0
106,8:50:00,7243,external_origin,S,TR,4.000000,0
106,8:50:00,7142,internal_destination,E,L,7.000000,0
106,8:50:00,7142,internal_destination,E,T,72.000000,0
106,8:50:00,7142,internal_destination,E,R,11.000000,0
106,8:50:00,7142,external_origin,W,L,5.000000,0
106,8:50:00,7142,external_origin,W,T,31.000000,0
106,8:50:00,7142,external_origin,W,R,9.000000,0
106,8:50:00,7142,external_origin,N,L,9.000000,0
106,8:50:00,7142,external_origin,N,T,52.000000,0
106,8:50:00,7142,external_origin,N,TR,25.000000,0
106,8:50:00,7142,external_origin,S,L,5.000000,0
106,8:50:00,7142,external_origin,S,T,11.000000,0
106,8:50:00,7142,external_origin,S,TR,11.000000,0
107,8:55:00,7243,external_origin,E,L,2.000000,0
107,8:55:00,7243,external_origin,E,T,32.000000,0
107,8:55:00,7243,external_origin,E,TR,14.000000,0
107,8:55:00,7243,internal_destination,W,T,13.000000,0
107,8:55:00,7243,internal_destination,W,TR,6.000000,0
107,8:55:00,7243,external_origin,N,L,0.000000,0
107,8:55:00,7243,external_origin,N,TR,9.000000,0
107,8:55:00,7243,external_origin,S,L,2.000000,0
107,8:55:00,7243,external_origin,S,TR,5.000000,0
107,8:55:00,7142,internal_destination,E,L,5.000000,0
107,8:55:00,7142,internal_destination,E,T,41.000000,0
107,8:55:00,7142,internal_destination,E,R,8.000000,0
107,8:55:00,7142,external_origin,W,L,3.000000,0
107,8:55:00,7142,external_origin,W,T,23.000000,0
107,8:55:00,7142,external_origin,W,R,7.000000,0
107,8:55:00,7142,external_origin,N,L,14.000000,0
107,8:55:00,7142,external_origin,N,T,81.000000,0
107,8:55:00,7142,external_origin,N,TR,37.000000,0
107,8:55:00,7142,external_origin,S,L,6.000000,0
107,8:55:00,7142,external_origin,S,T,17.000000,0
107,8:55:00,7142,external_origin,S,TR,18.000000,0
108,9:00:00,7243,external_origin,E,L,3.000000,0
108,9:00:00,7243,external_origin,E,T,69.000000,0
108,9:00:00,7243,external_origin,E,TR,25.000000,0
108,9:00:00,7243,internal_destination,W,T,25.000000,0
108,9:00:00,7243,internal_destination,W,TR,11.000000,0
108,9:00:00,7243,external_origin,N,L,1.000000,0
108,9:00:00,7243,external_origin,N,TR,12.000000,0
108,9:00:00,7243,external_origin,S,L,2.000000,0
108,9:00:00,7243,external_origin,S,TR,6.000000,0
108,9:00:00,7142,internal_destination,E,L,7.000000,0
108,9:00:00,7142,internal_destination,E,T,57.000000,0
108,9:00:00,7142,internal_destination,E,R,11.000000,0
108,9:00:00,7142,external_origin,W,L,4.000000,0
108,9:00:00,7142,external_origin,W,T,29.000000,0
108,9:00:00,7142,external_origin,W,R,7.000000,0
108,9:00:00,7142,external_origin,N,L,9.000000,0
108,9:00:00,7142,external_origin,N,T,55.000000,0
108,9:00:00,7142,external_origin,N,TR,25.000000,0
108,9:00:00,7142,external_origin,S,L,4.000000,0
108,9:00:00,7142,external_origin,S,T,11.000000,0
108,9:00:00,7142,external_origin,S,TR,14.000000,0
109,9:05:00,7243,external_origin,E,L,2.000000,0
109,9:05:00,7243,external_origin,E,T,40.000000,0
109,9:05:00,7243,external_origin,E,TR,11.000000,0
109,9:05:00,7243,internal_destination,W,T,16.000000,0
109,9:05:00,7243,internal_destination,W,TR,7.000000,0
109,9:05:00,7243,external_origin,N,L,1.000000,0
109,9:05:00,7243,external_origin,N,TR,9.000000,0
109,9:05:00,7243,external_origin,S,L,2.000000,0
109,9:05:00,7243,external_origin,S,TR,4.000000,0
109,9:05:00,7142,internal_destination,E,L,5.000000,0
109,9:05:00,7142,internal_destination,E,T,46.000000,0
109,9:05:00,7142,internal_destination,E,R,8.000000,0
109,9:05:00,7142,external_origin,W,L,3.000000,0
109,9:05:00,7142,external_origin,W,T,20.000000,0
109,9:05:00,7142,external_origin,W,R,6.000000,0
109,9:05:00,7142,external_origin,N,L,11.000000,0
109,9:05:00,7142,external_origin,N,T,68.000000,0
109,9:05:00,7142,external_origin,N,TR,33.000000,0
109,9:05:00,7142,external_origin,S,L,5.000000,0
109,9:05:00,7142,external_origin,S,T,15.000000,0
109,9:05:00,7142,external_origin,S,TR,15.000000,0
110,9:10:00,7243,external_origin,E,L,2.000000,0
110,9:10:00,7243,external_origin,E,T,69.000000,0
110,9:10:00,7243,external_origin,E,TR,22.000000,0
110,9:10:00,7243,internal_destination,W,T,24.000000,0
110,9:10:00,7243,internal_destination,W,TR,12.000000,0
110,9:10:00,7243,external_origin,N,L,0.000000,0
110,9:10:00,7243,external_origin,N,TR,10.000000,0
110,9:10:00,7243,external_origin,S,L,3.000000,0
110,9:10:00,7243,external_origin,S,TR,5.000000,0
110,9:10:00,7142,internal_destination,E,L,6.000000,0
110,9:10:00,7142,internal_destination,E,T,54.000000,0
110,9:10:00,7142,internal_destination,E,R,9.000000,0
110,9:10:00,7142,external_origin,W,L,4.000000,0
110,9:10:00,7142,external_origin,W,T,31.000000,0
110,9:10:00,7142,external_origin,W,R,8.000000,0
110,9:10:00,7142,external_origin,N,L,7.000000,0
110,9:10:00,7142,external_origin,N,T,48.000000,0
110,9:10:00,7142,external_origin,N,TR,19.000000,0
110,9:10:00,7142,external_origin,S,L,4.000000,0
110,9:10:00,7142,external_origin,S,T,12.000000,0
110,9:10:00,7142,external_origin,S,TR,11.000000,0
111,9:15:00,7243,external_origin,E,L,2.000000,0
111,9:15:00,7243,external_origin,E,T,34.000000,0
111,9:15:00,7243,external_origin,E,TR,10.000000,0
111,9:15:00,7243,internal_destination,W,T,14.000000,0
111,9:15:00,7243,internal_destination,W,TR,7.000000,0
111,9:15:00,7243,external_origin,N,L,0.000000,0
111,9:15:00,7243,external_origin,N,TR,7.000000,0
111,9:15:00,7243,external_origin,S,L,2.000000,0
111,9:15:00,7243,external_origin,S,TR,4.000000,0
111,9:15:00,7142,internal_destination,E,L,4.000000,0
111,9:15:00,7142,internal_destination,E,T,35.000000,0
111,9:15:00,7142,internal_destination,E,R,7.000000,0
111,9:15:00,7142,external_origin,W,L,4.000000,0
111,9:15:00,7142,external_origin,W,T,17.000000,0
111,9:15:00,7142,external_origin,W,R,4.000000,0
111,9:15:00,7142,external_origin,N,L,11.000000,0
111,9:15:00,7142,external_origin,N,T,64.000000,0
111,9:15:00,7142,external_origin,N,TR,27.000000,0
111,9:15:00,7142,external_origin,S,L,5.000000,0
111,9:15:00,7142,external_origin,S,T,16.000000,0
111,9:15:00,7142,external_origin,S,TR,15.000000,0
112,9:20:00,7243,external_origin,E,L,2.000000,0
112,9:20:00,7243,external_origin,E,T,58.000000,0
112,9:20:00,7243,external_origin,E,TR,19.000000,0
112,9:20:00,7243,internal_destination,W,T,29.000000,0
112,9:20:00,7243,internal_destination,W,TR,13.000000,0
112,9:20:00,7243,external_origin,N,L,1.000000,0
112,9:20:00,7243,external_origin,N,TR,9.000000,0
112,9:20:00,7243,external_origin,S,L,2.000000,0
112,9:20:00,7243,external_origin,S,TR,4.000000,0
112,9:20:00,7142,internal_destination,E,L,5.000000,0
112,9:20:00,7142,internal_destination,E,T,51.000000,0
112,9:20:00,7142,internal_destination,E,R,9.000000,0
112,9:20:00,7142,external_origin,W,L,5.000000,0
112,9:20:00,7142,external_origin,W,T,30.000000,0
112,9:20:00,7142,external_origin,W,R,7.000000,0
112,9:20:00,7142,external_origin,N,L,8.000000,0
112,9:20:00,7142,external_origin,N,T,45.000000,0
112,9:20:00,7142,external_origin,N,TR,19.000000,0
112,9:20:00,7142,external_origin,S,L,3.000000,0
112,9:20:00,7142,external_origin,S,T,11.000000,0
112,9:20:00,7142,external_origin,S,TR,11.000000,0
113,9:25:00,7243,external_origin,E,L,1.000000,0
113,9:25:00,7243,external_origin,E,T,32.000000,0
113,9:25:00,7243,external_origin,E,TR,11.000000,0
113,9:25:00,7243,internal_destination,W,T,15.000000,0
113,9:25:00,7243,internal_destination,W,TR,7.000000,0
113,9:25:00,7243,external_origin,N,L,1.000000,0
113,9:25:00,7243,external_origin,N,TR,8.000000,0
113,9:25:00,7243,external_origin,S,L,3.000000,0
113,9:25:00,7243,external_origin,S,TR,6.000000,0
113,9:25:00,7142,internal_destination,E,L,3.000000,0
113,9:25:00,7142,internal_destination,E,T,36.000000,0
113,9:25:00,7142,internal_destination,E,R,6.000000,0
113,9:25:00,7142,external_origin,W,L,3.000000,0
113,9:25:00,7142,external_origin,W,T,19.000000,0
113,9:25:00,7142,external_origin,W,R,5.000000,0
113,9:25:00,7142,external_origin,N,L,10.000000,0
113,9:25:00,7142,external_origin,N,T,54.000000,0
113,9:25:00,7142,external_origin,N,TR,25.000000,0
113,9:25:00,7142,external_origin,S,L,5.000000,0
113,9:25:00,7142,external_origin,S,T,15.000000,0
113,9:25:00,7142,external_origin,S,TR,16.000000,0
114,9:30:00,7243,external_origin,E,L,2.000000,0
114,9:30:00,7243,external_origin,E,T,44.000000,0
114,9:30:00,7243,external_origin,E,TR,16.000000,0
114,9:30:00,7243,internal_destination,W,T,23.000000,0
114,9:30:00,7243,internal_destination,W,TR,9.000000,0
114,9:30:00,7243,external_origin,N,L,0.000000,0
114,9:30:00,7243,external_origin,N,TR,10.000000,0
114,9:30:00,7243,external_origin,S,L,2.000000,0
114,9:30:00,7243,external_origin,S,TR,5.000000,0
114,9:30:00,7142,internal_destination,E,L,5.000000,0
114,9:30:00,7142,internal_destination,E,T,39.000000,0
114,9:30:00,7142,internal_destination,E,R,7.000000,0
114,9:30:00,7142,external_origin,W,L,4.000000,0
114,9:30:00,7142,external_origin,W,T,23.000000,0
114,9:30:00,7142,external_origin,W,R,6.000000,0
114,9:30:00,7142,external_origin,N,L,7.000000,0
114,9:30:00,7142,external_origin,N,T,45.000000,0
114,9:30:00,7142,external_origin,N,TR,19.000000,0
114,9:30:00,7142,external_origin,S,L,4.000000,0
114,9:30:00,7142,external_origin,S,T,12.000000,0
114,9:30:00,7142,external_origin,S,TR,13.000000,0
115,9:35:00,7243,external_origin,E,L,2.000000,0
115,9:35:00,7243,external_origin,E,T,44.000000,0
115,9:35:00,7243,external_origin,E,TR,14.000000,0
115,9:35:00,7243,internal_destination,W,T,25.000000,0
115,9:35:00,7243,internal_destination,W,TR,11.000000,0
115,9:35:00,7243,external_origin,N,L,1.000000,0
115,9:35:00,7243,external_origin,N,TR,8.000000,0
115,9:35:00,7243,external_origin,S,L,3.000000,0
115,9:35:00,7243,external_origin,S,TR,4.000000,0
115,9:35:00,7142,internal_destination,E,L,5.000000,0
115,9:35:00,7142,internal_destination,E,T,49.000000,0
115,9:35:00,7142,internal_destination,E,R,6.000000,0
115,9:35:00,7142,external_origin,W,L,5.000000,0
115,9:35:00,7142,external_origin,W,T,31.000000,0
115,9:35:00,7142,external_origin,W,R,6.000000,0
115,9:35:00,7142,external_origin,N,L,6.000000,0
115,9:35:00,7142,external_origin,N,T,44.000000,0
115,9:35:00,7142,external_origin,N,TR,19.000000,0
115,9:35:00,7142,external_origin,S,L,5.000000,0
115,9:35:00,7142,external_origin,S,T,15.000000,0
115,9:35:00,7142,external_origin,S,TR,15.000000,0
116,9:40:00,7243,external_origin,E,L,2.000000,0
116,9:40:00,7243,external_origin,E,T,57.000000,0
116,9:40:00,7243,external_origin,E,TR,17.000000,0
116,9:40:00,7243,internal_destination,W,T,28.000000,0
116,9:40:00,7243,internal_destination,W,TR,13.000000,0
116,9:40:00,7243,external_origin,N,L,1.000000,0
116,9:40:00,7243,external_origin,N,TR,10.000000,0
116,9:40:00,7243,external_origin,S,L,4.000000,0
116,9:40:00,7243,external_origin,S,TR,5.000000,0
116,9:40:00,7142,internal_destination,E,L,6.000000,0
116,9:40:00,7142,internal_destination,E,T,47.000000,0
116,9:40:00,7142,internal_destination,E,R,8.000000,0
116,9:40:00,7142,external_origin,W,L,5.000000,0
116,9:40:00,7142,external_origin,W,T,32.000000,0
116,9:40:00,7142,external_origin,W,R,7.000000,0
116,9:40:00,7142,external_origin,N,L,7.000000,0
116,9:40:00,7142,external_origin,N,T,38.000000,0
116,9:40:00,7142,external_origin,N,TR,19.000000,0
116,9:40:00,7142,external_origin,S,L,4.000000,0
116,9:40:00,7142,external_origin,S,T,12.000000,0
116,9:40:00,7142,external_origin,S,TR,12.000000,0
117,9:45:00,7243,external_origin,E,L,1.000000,0
117,9:45:00,7243,external_origin,E,T,37.000000,0
117,9:45:00,7243,external_origin,E,TR,12.000000,0
117,9:45:00,7243,internal_destination,W,T,21.000000,0
117,9:45:00,7243,internal_destination,W,TR,10.000000,0
117,9:45:00,7243,external_origin,N,L,0.000000,0
117,9:45:00,7243,external_origin,N,TR,8.000000,0
117,9:45:00,7243,external_origin,S,L,2.000000,0
117,9:45:00,7243,external_origin,S,TR,5.000000,0
117,9:45:00,7142,internal_destination,E,L,5.000000,0
117,9:45:00,7142,internal_destination,E,T,40.000000,0
117,9:45:00,7142,internal_destination,E,R,8.000000,0
117,9:45:00,7142,external_origin,W,L,6.000000,0
117,9:45:00,7142,external_origin,W,T,32.000000,0
117,9:45:00,7142,external_origin,W,R,6.000000,0
117,9:45:00,7142,external_origin,N,L,8.000000,0
117,9:45:00,7142,external_origin,N,T,51.000000,0
117,9:45:00,7142,external_origin,N,TR,24.000000,0
117,9:45:00,7142,external_origin,S,L,4.000000,0
117,9:45:00,7142,external_origin,S,T,15.000000,0
117,9:45:00,7142,external_origin,S,TR,15.000000,0
118,9:50:00,7243,external_origin,E,L,2.000000,0
118,9:50:00,7243,external_origin,E,T,46.000000,0
118,9:50:00,7243,external_origin,E,TR,16.000000,0
118,9:50:00,7243,internal_destination,W,T,30.000000,0
118,9:50:00,7243,internal_destination,W,TR,13.000000,0
118,9:50:00,7243,external_origin,N,L,0.000000,0
118,9:50:00,7243,external_origin,N,TR,10.000000,0
118,9:50:00,7243,external_origin,S,L,2.000000,0
118,9:50:00,7243,external_origin,S,TR,5.000000,0
118,9:50:00,7142,internal_destination,E,L,6.000000,0
118,9:50:00,7142,internal_destination,E,T,37.000000,0
118,9:50:00,7142,internal_destination,E,R,9.000000,0
118,9:50:00,7142,external_origin,W,L,6.000000,0
118,9:50:00,7142,external_origin,W,T,26.000000,0
118,9:50:00,7142,external_origin,W,R,7.000000,0
118,9:50:00,7142,external_origin,N,L,9.000000,0
118,9:50:00,7142,external_origin,N,T,47.000000,0
118,9:50:00,7142,external_origin,N,TR,22.000000,0
118,9:50:00,7142,external_origin,S,L,4.000000,0
118,9:50:00,7142,external_origin,S,T,16.000000,0
118,9:50:00,7142,external_origin,S,TR,14.000000,0
119,9:55:00,7243,external_origin,E,L,1.000000,0
119,9:55:00,7243,external_origin,E,T,34.000000,0
119,9:55:00,7243,external_origin,E,TR,12.000000,0
119,9:55:00,7243,internal_destination,W,T,22.000000,0
119,9:55:00,7243,internal_destination,W,TR,10.000000,0
119,9:55:00,7243,external_origin,N,L,1.000000,0
119,9:55:00,7243,external_origin,N,TR,6.000000,0
119,9:55:00,7243,external_origin,S,L,2.000000,0
119,9:55:00,7243,external_origin,S,TR,4.000000,0
119,9:55:00,7142,internal_destination,E,L,4.000000,0
119,9:55:00,7142,internal_destination,E,T,38.000000,0
119,9:55:00,7142,internal_destination,E,R,8.000000,0
119,9:55:00,7142,external_origin,W,L,4.000000,0
119,9:55:00,7142,external_origin,W,T,32.000000,0
119,9:55:00,7142,external_origin,W,R,6.000000,0
119,9:55:00,7142,external_origin,N,L,8.000000,0
119,9:55:00,7142,external_origin,N,T,48.000000,0
119,9:55:00,7142,external_origin,N,TR,24.000000,0
119,9:55:00,7142,external_origin,S,L,5.000000,0
119,9:55:00,7142,external_origin,S,T,15.000000,0
119,9:55:00,7142,external_origin,S,TR,14.000000,0
120,10:00:00,7243,external_origin,E,L,2.000000,0
120,10:00:00,7243,external_origin,E,T,43.000000,0
120,10:00:00,7243,external_origin,E,TR,13.000000,0
120,10:00:00,7243,internal_destination,W,T,31.000000,0
120,10:00:00,7243,internal_destination,W,TR,13.000000,0
120,10:00:00,7243,external_origin,N,L,1.000000,0
120,10:00:00,7243,external_origin,N,TR,8.000000,0
120,10:00:00,7243,external_origin,S,L,2.000000,0
120,10:00:00,7243,external_origin,S,TR,6.000000,0
120,10:00:00,7142,internal_destination,E,L,6.000000,0
120,10:00:00,7142,internal_destination,E,T,40.000000,0
120,10:00:00,7142,internal_destination,E,R,8.000000,0
120,10:00:00,7142,external_origin,W,L,5.000000,0
120,10:00:00,7142,external_origin,W,T,32.000000,0
120,10:00:00,7142,external_origin,W,R,7.000000,0
120,10:00:00,7142,external_origin,N,L,6.000000,0
120,10:00:00,7142,external_origin,N,T,34.000000,0
120,10:00:00,7142,external_origin,N,TR,18.000000,0
120,10:00:00,7142,external_origin,S,L,5.000000,0
120,10:00:00,7142,external_origin,S,T,16.000000,0
120,10:00:00,7142,external_origin,S,TR,12.000000,0
121,10:05:00,7243,external_origin,E,L,1.000000,0
121,10:05:00,7243,external_origin,E,T,31.000000,0
121,10:05:00,7243,external_origin,E,TR,9.000000,0
121,10:05:00,7243,internal_destination,W,T,24.000000,0
121,10:05:00,7243,internal_destination,W,TR,9.000000,0
121,10:05:00,7243,external_origin,N,L,1.000000,0
121,10:05:00,7243,external_origin,N,TR,6.000000,0
121,10:05:00,7243,external_origin,S,L,2.000000,0
121,10:05:00,7243,external_origin,S,TR,4.000000,0
121,10:05:00,7142,internal_destination,E,L,5.000000,0
121,10:05:00,7142,internal_destination,E,T,39.000000,0
121,10:05:00,7142,internal_destination,E,R,6.000000,0
121,10:05:00,7142,external_origin,W,L,6.000000,0
121,10:05:00,7142,external_origin,W,T,33.000000,0
121,10:05:00,7142,external_origin,W,R,7.000000,0
121,10:05:00,7142,external_origin,N,L,7.000000,0
121,10:05:00,7142,external_origin,N,T,40.000000,0
121,10:05:00,7142,external_origin,N,TR,21.000000,0
121,10:05:00,7142,external_origin,S,L,4.000000,0
121,10:05:00,7142,external_origin,S,T,12.000000,0
121,10:05:00,7142,external_origin,S,TR,12.000000,0
122,10:10:00,7243,external_origin,E,L,1.000000,0
122,10:10:00,7243,external_origin,E,T,40.000000,0
122,10:10:00,7243,external_origin,E,TR,12.000000,0
122,10:10:00,7243,internal_destination,W,T,23.000000,0
122,10:10:00,7243,internal_destination,W,TR,9.000000,0
122,10:10:00,7243,external_origin,N,L,1.000000,0
122,10:10:00,7243,external_origin,N,TR,8.000000,0
122,10:10:00,7243,external_origin,S,L,3.000000,0
122,10:10:00,7243,external_origin,S,TR,6.000000,0
122,10:10:00,7142,internal_destination,E,L,5.000000,0
122,10:10:00,7142,internal_destination,E,T,34.000000,0
122,10:10:00,7142,internal_destination,E,R,7.000000,0
122,10:10:00,7142,external_origin,W,L,5.000000,0
122,10:10:00,7142,external_origin,W,T,30.000000,0
122,10:10:00,7142,external_origin,W,R,6.000000,0
122,10:10:00,7142,external_origin,N,L,7.000000,0
122,10:10:00,7142,external_origin,N,T,41.000000,0
122,10:10:00,7142,external_origin,N,TR,23.000000,0
122,10:10:00,7142,external_origin,S,L,5.000000,0
122,10:10:00,7142,external_origin,S,T,17.000000,0
122,10:10:00,7142,external_origin,S,TR,14.000000,0
123,10:15:00,7243,external_origin,E,L,1.000000,0
123,10:15:00,7243,external_origin,E,T,38.000000,0
123,10:15:00,7243,external_origin,E,TR,13.000000,0
123,10:15:00,7243,internal_destination,W,T,27.000000,0
123,10:15:00,7243,internal_destination,W,TR,12.000000,0
123,10:15:00,7243,external_origin,N,L,0.000000,0
123,10:15:00,7243,external_origin,N,TR,7.000000,0
123,10:15:00,7243,external_origin,S,L,1.000000,0
123,10:15:00,7243,external_origin,S,TR,5.000000,0
123,10:15:00,7142,internal_destination,E,L,4.000000,0
123,10:15:00,7142,internal_destination,E,T,32.000000,0
123,10:15:00,7142,internal_destination,E,R,7.000000,0
123,10:15:00,7142,external_origin,W,L,4.000000,0
123,10:15:00,7142,external_origin,W,T,25.000000,0
123,10:15:00,7142,external_origin,W,R,6.000000,0
123,10:15:00,7142,external_origin,N,L,9.000000,0
123,10:15:00,7142,external_origin,N,T,39.000000,0
123,10:15:00,7142,external_origin,N,TR,19.000000,0
123,10:15:00,7142,external_origin,S,L,6.000000,0
123,10:15:00,7142,external_origin,S,T,16.000000,0
123,10:15:00,7142,external_origin,S,TR,14.000000,0
124,10:20:00,7243,external_origin,E,L,2.000000,0
124,10:20:00,7243,external_origin,E,T,44.000000,0
124,10:20:00,7243,external_origin,E,TR,12.000000,0
124,10:20:00,7243,internal_destination,W,T,34.000000,0
124,10:20:00,7243,internal_destination,W,TR,13.000000,0
124,10:20:00,7243,external_origin,N,L,0.000000,0
124,10:20:00,7243,external_origin,N,TR,7.000000,0
124,10:20:00,7243,external_origin,S,L,2.000000,0
124,10:20:00,7243,external_origin,S,TR,5.000000,0
124,10:20:00,7142,internal_destination,E,L,5.000000,0
124,10:20:00,7142,internal_destination,E,T,42.000000,0
124,10:20:00,7142,internal_destination,E,R,8.000000,0
124,10:20:00,7142,external_origin,W,L,5.000000,0
124,10:20:00,7142,external_origin,W,T,35.000000,0
124,10:20:00,7142,external_origin,W,R,6.000000,0
124,10:20:00,7142,external_origin,N,L,8.000000,0
124,10:20:00,7142,external_origin,N,T,37.000000,0
124,10:20:00,7142,external_origin,N,TR,20.000000,0
124,10:20:00,7142,external_origin,S,L,4.000000,0
124,10:20:00,7142,external_origin,S,T,16.000000,0
124,10:20:00,7142,external_origin,S,TR,14.000000,0
125,10:25:00,7243,external_origin,E,L,1.000000,0
125,10:25:00,7243,external_origin,E,T,30.000000,0
125,10:25:00,7243,external_origin,E,TR,10.000000,0
125,10:25:00,7243,internal_destination,W,T,24.000000,0
125,10:25:00,7243,internal_destination,W,TR,8.000000,0
125,10:25:00,7243,external_origin,N,L,0.000000,0
125,10:25:00,7243,external_origin,N,TR,6.000000,0
125,10:25:00,7243,external_origin,S,L,2.000000,0
125,10:25:00,7243,external_origin,S,TR,5.000000,0
125,10:25:00,7142,internal_destination,E,L,5.000000,0
125,10:25:00,7142,internal_destination,E,T,37.000000,0
125,10:25:00,7142,internal_destination,E,R,8.000000,0
125,10:25:00,7142,external_origin,W,L,5.000000,0
125,10:25:00,7142,external_origin,W,T,34.000000,0
125,10:25:00,7142,external_origin,W,R,7.000000,0
125,10:25:00,7142,external_origin,N,L,7.000000,0
125,10:25:00,7142,external_origin,N,T,30.000000,0
125,10:25:00,7142,external_origin,N,TR,17.000000,0
125,10:25:00,7142,external_origin,S,L,4.000000,0
125,10:25:00,7142,external_origin,S,T,14.000000,0
125,10:25:00,7142,external_origin,S,TR,13.000000,0
126,10:30:00,7243,external_origin,E,L,1.000000,0
126,10:30:00,7243,external_origin,E,T,35.000000,0
126,10:30:00,7243,external_origin,E,TR,11.000000,0
126,10:30:00,7243,internal_destination,W,T,28.000000,0
126,10:30:00,7243,internal_destination,W,TR,10.000000,0
126,10:30:00,7243,external_origin,N,L,1.000000,0
126,10:30:00,7243,external_origin,N,TR,8.000000,0
126,10:30:00,7243,external_origin,S,L,2.000000,0
126,10:30:00,7243,external_origin,S,TR,6.000000,0
126,10:30:00,7142,internal_destination,E,L,6.000000,0
126,10:30:00,7142,internal_destination,E,T,35.000000,0
126,10:30:00,7142,internal_destination,E,R,7.000000,0
126,10:30:00,7142,external_origin,W,L,5.000000,0
126,10:30:00,7142,external_origin,W,T,33.000000,0
126,10:30:00,7142,external_origin,W,R,7.000000,0
126,10:30:00,7142,external_origin,N,L,8.000000,0
126,10:30:00,7142,external_origin,N,T,41.000000,0
126,10:30:00,7142,external_origin,N,TR,22.000000,0
126,10:30:00,7142,external_origin,S,L,5.000000,0
126,10:30:00,7142,external_origin,S,T,16.000000,0
126,10:30:00,7142,external_origin,S,TR,16.000000,0
127,10:35:00,7243,external_origin,E,L,1.000000,0
127,10:35:00,7243,external_origin,E,T,34.000000,0
127,10:35:00,7243,external_origin,E,TR,11.000000,0
127,10:35:00,7243,internal_destination,W,T,27.000000,0
127,10:35:00,7243,internal_destination,W,TR,9.000000,0
127,10:35:00,7243,external_origin,N,L,0.000000,0
127,10:35:00,7243,external_origin,N,TR,8.000000,0
127,10:35:00,7243,external_origin,S,L,2.000000,0
127,10:35:00,7243,external_origin,S,TR,5.000000,0
127,10:35:00,7142,internal_destination,E,L,6.000000,0
127,10:35:00,7142,internal_destination,E,T,32.000000,0
127,10:35:00,7142,internal_destination,E,R,8.000000,0
127,10:35:00,7142,external_origin,W,L,7.000000,0
127,10:35:00,7142,external_origin,W,T,28.000000,0
127,10:35:00,7142,external_origin,W,R,6.000000,0
127,10:35:00,7142,external_origin,N,L,8.000000,0
127,10:35:00,7142,external_origin,N,T,44.000000,0
127,10:35:00,7142,external_origin,N,TR,21.000000,0
127,10:35:00,7142,external_origin,S,L,5.000000,0
127,10:35:00,7142,external_origin,S,T,17.000000,0
127,10:35:00,7142,external_origin,S,TR,16.000000,0
128,10:40:00,7243,external_origin,E,L,1.000000,0
128,10:40:00,7243,external_origin,E,T,40.000000,0
128,10:40:00,7243,external_origin,E,TR,13.000000,0
128,10:40:00,7243,internal_destination,W,T,32.000000,0
128,10:40:00,7243,internal_destination,W,TR,13.000000,0
128,10:40:00,7243,external_origin,N,L,1.000000,0
128,10:40:00,7243,external_origin,N,TR,9.000000,0
128,10:40:00,7243,external_origin,S,L,3.000000,0
128,10:40:00,7243,external_origin,S,TR,6.000000,0
128,10:40:00,7142,internal_destination,E,L,3.000000,0
128,10:40:00,7142,internal_destination,E,T,39.000000,0
128,10:40:00,7142,internal_destination,E,R,8.000000,0
128,10:40:00,7142,external_origin,W,L,4.000000,0
128,10:40:00,7142,external_origin,W,T,35.000000,0
128,10:40:00,7142,external_origin,W,R,7.000000,0
128,10:40:00,7142,external_origin,N,L,8.000000,0
128,10:40:00,7142,external_origin,N,T,42.000000,0
128,10:40:00,7142,external_origin,N,TR,21.000000,0
128,10:40:00,7142,external_origin,S,L,5.000000,0
128,10:40:00,7142,external_origin,S,T,19.000000,0
128,10:40:00,7142,external_origin,S,TR,16.000000,0
129,10:45:00,7243,external_origin,E,L,1.000000,0
129,10:45:00,7243,external_origin,E,T,40.000000,0
129,10:45:00,7243,external_origin,E,TR,11.000000,0
129,10:45:00,7243,internal_destination,W,T,33.000000,0
129,10:45:00,7243,internal_destination,W,TR,14.000000,0
129,10:45:00,7243,external_origin,N,L,0.000000,0
129,10:45:00,7243,external_origin,N,TR,7.000000,0
129,10:45:00,7243,external_origin,S,L,1.000000,0
129,10:45:00,7243,external_origin,S,TR,5.000000,0
129,10:45:00,7142,internal_destination,E,L,5.000000,0
129,10:45:00,7142,internal_destination,E,T,38.000000,0
129,10:45:00,7142,internal_destination,E,R,7.000000,0
129,10:45:00,7142,external_origin,W,L,7.000000,0
129,10:45:00,7142,external_origin,W,T,42.000000,0
129,10:45:00,7142,external_origin,W,R,8.000000,0
129,10:45:00,7142,external_origin,N,L,7.000000,0
129,10:45:00,7142,external_origin,N,T,32.000000,0
129,10:45:00,7142,external_origin,N,TR,15.000000,0
129,10:45:00,7142,external_origin,S,L,4.000000,0
129,10:45:00,7142,external_origin,S,T,16.000000,0
129,10:45:00,7142,external_origin,S,TR,14.000000,0
130,10:50:00,7243,external_origin,E,L,1.000000,0
130,10:50:00,7243,external_origin,E,T,37.000000,0
130,10:50:00,7243,external_origin,E,TR,12.000000,0
130,10:50:00,7243,internal_destination,W,T,37.000000,0
130,10:50:00,7243,internal_destination,W,TR,17.000000,0
130,10:50:00,7243,external_origin,N,L,0.000000,0
130,10:50:00,7243,external_origin,N,TR,9.000000,0
130,10:50:00,7243,external_origin,S,L,3.000000,0
130,10:50:00,7243,external_origin,S,TR,5.000000,0
130,10:50:00,7142,internal_destination,E,L,6.000000,0
130,10:50:00,7142,internal_destination,E,T,41.000000,0
130,10:50:00,7142,internal_destination,E,R,8.000000,0
130,10:50:00,7142,external_origin,W,L,7.000000,0
130,10:50:00,7142,external_origin,W,T,42.000000,0
130,10:50:00,7142,external_origin,W,R,8.000000,0
130,10:50:00,7142,external_origin,N,L,8.000000,0
130,10:50:00,7142,external_origin,N,T,40.000000,0
130,10:50:00,7142,external_origin,N,TR,21.000000,0
130,10:50:00,7142,external_origin,S,L,4.000000,0
130,10:50:00,7142,external_origin,S,T,13.000000,0
130,10:50:00,7142,external_origin,S,TR,15.000000,0
131,10:55:00,7243,external_origin,E,L,1.000000,0
131,10:55:00,7243,external_origin,E,T,31.000000,0
131,10:55:00,7243,external_origin,E,TR,10.000000,0
131,10:55:00,7243,internal_destination,W,T,20.000000,0
131,10:55:00,7243,internal_destination,W,TR,10.000000,0
131,10:55:00,7243,external_origin,N,L,0.000000,0
131,10:55:00,7243,external_origin,N,TR,7.000000,0
131,10:55:00,7243,external_origin,S,L,3.000000,0
131,10:55:00,7243,external_origin,S,TR,5.000000,0
131,10:55:00,7142,internal_destination,E,L,6.000000,0
131,10:55:00,7142,internal_destination,E,T,31.000000,0
131,10:55:00,7142,internal_destination,E,R,8.000000,0
131,10:55:00,7142,external_origin,W,L,7.000000,0
131,10:55:00,7142,external_origin,W,T,34.000000,0
131,10:55:00,7142,external_origin,W,R,7.000000,0
131,10:55:00,7142,external_origin,N,L,9.000000,0
131,10:55:00,7142,external_origin,N,T,41.000000,0
131,10:55:00,7142,external_origin,N,TR,23.000000,0
131,10:55:00,7142,external_origin,S,L,5.000000,0
131,10:55:00,7142,external_origin,S,T,18.000000,0
131,10:55:00,7142,external_origin,S,TR,17.000000,0
132,11:00:00,7243,external_origin,E,L,1.000000,0
132,11:00:00,7243,external_origin,E,T,35.000000,0
132,11:00:00,7243,external_origin,E,TR,12.000000,0
132,11:00:00,7243,internal_destination,W,T,33.000000,0
132,11:00:00,7243,internal_destination,W,TR,14.000000,0
132,11:00:00,7243,external_origin,N,L,1.000000,0
132,11:00:00,7243,external_origin,N,TR,8.000000,0
132,11:00:00,7243,external_origin,S,L,2.000000,0
132,11:00:00,7243,external_origin,S,TR,5.000000,0
132,11:00:00,7142,internal_destination,E,L,4.000000,0
132,11:00:00,7142,internal_destination,E,T,29.000000,0
132,11:00:00,7142,internal_destination,E,R,8.000000,0
132,11:00:00,7142,external_origin,W,L,5.000000,0
132,11:00:00,7142,external_origin,W,T,28.000000,0
132,11:00:00,7142,external_origin,W,R,6.000000,0
132,11:00:00,7142,external_origin,N,L,9.000000,0
132,11:00:00,7142,external_origin,N,T,40.000000,0
132,11:00:00,7142,external_origin,N,TR,21.000000,0
132,11:00:00,7142,external_origin,S,L,6.000000,0
132,11:00:00,7142,external_origin,S,T,19.000000,0
132,11:00:00,7142,external_origin,S,TR,16.000000,0
133,11:05:00,7243,external_origin,E,L,1.000000,0
133,11:05:00,7243,external_origin,E,T,34.000000,0
133,11:05:00,7243,external_origin,E,TR,12.000000,0
133,11:05:00,7243,internal_destination,W,T,36.000000,0
133,11:05:00,7243,internal_destination,W,TR,16.000000,0
133,11:05:00,7243,external_origin,N,L,0.000000,0
133,11:05:00,7243,external_origin,N,TR,7.000000,0
133,11:05:00,7243,external_origin,S,L,3.000000,0
133,11:05:00,7243,external_origin,S,TR,5.000000,0
133,11:05:00,7142,internal_destination,E,L,4.000000,0
133,11:05:00,7142,internal_destination,E,T,37.000000,0
133,11:05:00,7142,internal_destination,E,R,9.000000,0
133,11:05:00,7142,external_origin,W,L,6.000000,0
133,11:05:00,7142,external_origin,W,T,42.000000,0
133,11:05:00,7142,external_origin,W,R,7.000000,0
133,11:05:00,7142,external_origin,N,L,8.000000,0
133,11:05:00,7142,external_origin,N,T,37.000000,0
133,11:05:00,7142,external_origin,N,TR,20.000000,0
133,11:05:00,7142,external_origin,S,L,5.000000,0
133,11:05:00,7142,external_origin,S,T,18.000000,0
133,11:05:00,7142,external_origin,S,TR,16.000000,0
134,11:10:00,7243,external_origin,E,L,2.000000,0
134,11:10:00,7243,external_origin,E,T,40.000000,0
134,11:10:00,7243,external_origin,E,TR,14.000000,0
134,11:10:00,7243,internal_destination,W,T,38.000000,0
134,11:10:00,7243,internal_destination,W,TR,16.000000,0
134,11:10:00,7243,external_origin,N,L,1.000000,0
134,11:10:00,7243,external_origin,N,TR,8.000000,0
134,11:10:00,7243,external_origin,S,L,4.000000,0
134,11:10:00,7243,external_origin,S,TR,6.000000,0
134,11:10:00,7142,internal_destination,E,L,5.000000,0
134,11:10:00,7142,internal_destination,E,T,35.000000,0
134,11:10:00,7142,internal_destination,E,R,8.000000,0
134,11:10:00,7142,external_origin,W,L,7.000000,0
134,11:10:00,7142,external_origin,W,T,37.000000,0
134,11:10:00,7142,external_origin,W,R,8.000000,0
134,11:10:00,7142,external_origin,N,L,8.000000,0
134,11:10:00,7142,external_origin,N,T,30.000000,0
134,11:10:00,7142,external_origin,N,TR,17.000000,0
134,11:10:00,7142,external_origin,S,L,5.000000,0
134,11:10:00,7142,external_origin,S,T,15.000000,0
134,11:10:00,7142,external_origin,S,TR,14.000000,0
135,11:15:00,7243,external_origin,E,L,2.000000,0
135,11:15:00,7243,external_origin,E,T,24.000000,0
135,11:15:00,7243,external_origin,E,TR,9.000000,0
135,11:15:00,7243,internal_destination,W,T,26.000000,0
135,11:15:00,7243,internal_destination,W,TR,9.000000,0
135,11:15:00,7243,external_origin,N,L,1.000000,0
135,11:15:00,7243,external_origin,N,TR,8.000000,0
135,11:15:00,7243,external_origin,S,L,2.000000,0
135,11:15:00,7243,external_origin,S,TR,6.000000,0
135,11:15:00,7142,internal_destination,E,L,5.000000,0
135,11:15:00,7142,internal_destination,E,T,33.000000,0
135,11:15:00,7142,internal_destination,E,R,8.000000,0
135,11:15:00,7142,external_origin,W,L,6.000000,0
135,11:15:00,7142,external_origin,W,T,36.000000,0
135,11:15:00,7142,external_origin,W,R,8.000000,0
135,11:15:00,7142,external_origin,N,L,9.000000,0
135,11:15:00,7142,external_origin,N,T,40.000000,0
135,11:15:00,7142,external_origin,N,TR,22.000000,0
135,11:15:00,7142,external_origin,S,L,6.000000,0
135,11:15:00,7142,external_origin,S,T,18.000000,0
135,11:15:00,7142,external_origin,S,TR,18.000000,0
136,11:20:00,7243,external_origin,E,L,1.000000,0
136,11:20:00,7243,external_origin,E,T,40.000000,0
136,11:20:00,7243,external_origin,E,TR,13.000000,0
136,11:20:00,7243,internal_destination,W,T,40.000000,0
136,11:20:00,7243,internal_destination,W,TR,16.000000,0
136,11:20:00,7243,external_origin,N,L,1.000000,0
136,11:20:00,7243,external_origin,N,TR,9.000000,0
136,11:20:00,7243,external_origin,S,L,3.000000,0
136,11:20:00,7243,external_origin,S,TR,7.000000,0
136,11:20:00,7142,internal_destination,E,L,6.000000,0
136,11:20:00,7142,internal_destination,E,T,33.000000,0
136,11:20:00,7142,internal_destination,E,R,8.000000,0
136,11:20:00,7142,external_origin,W,L,6.000000,0
136,11:20:00,7142,external_origin,W,T,31.000000,0
136,11:20:00,7142,external_origin,W,R,8.000000,0
136,11:20:00,7142,external_origin,N,L,10.000000,0
136,11:20:00,7142,external_origin,N,T,38.000000,0
136,11:20:00,7142,external_origin,N,TR,22.000000,0
136,11:20:00,7142,external_origin,S,L,7.000000,0
136,11:20:00,7142,external_origin,S,T,19.000000,0
136,11:20:00,7142,external_origin,S,TR,18.000000,0
137,11:25:00,7243,external_origin,E,L,1.000000,0
137,11:25:00,7243,external_origin,E,T,27.000000,0
137,11:25:00,7243,external_origin,E,TR,9.000000,0
137,11:25:00,7243,internal_destination,W,T,27.000000,0
137,11:25:00,7243,internal_destination,W,TR,11.000000,0
137,11:25:00,7243,external_origin,N,L,0.000000,0
137,11:25:00,7243,external_origin,N,TR,5.000000,0
137,11:25:00,7243,external_origin,S,L,2.000000,0
137,11:25:00,7243,external_origin,S,TR,5.000000,0
137,11:25:00,7142,internal_destination,E,L,4.000000,0
137,11:25:00,7142,internal_destination,E,T,37.000000,0
137,11:25:00,7142,internal_destination,E,R,8.000000,0
137,11:25:00,7142,external_origin,W,L,4.000000,0
137,11:25:00,7142,external_origin,W,T,37.000000,0
137,11:25:00,7142,external_origin,W,R,7.000000,0
137,11:25:00,7142,external_origin,N,L,9.000000,0
137,11:25:00,7142,external_origin,N,T,40.000000,0
137,11:25:00,7142,external_origin,N,TR,23.000000,0
137,11:25:00,7142,external_origin,S,L,6.000000,0
137,11:25:00,7142,external_origin,S,T,18.000000,0
137,11:25:00,7142,external_origin,S,TR,17.000000,0
138,11:30:00,7243,external_origin,E,L,1.000000,0
138,11:30:00,7243,external_origin,E,T,42.000000,0
138,11:30:00,7243,external_origin,E,TR,14.000000,0
138,11:30:00,7243,internal_destination,W,T,39.000000,0
138,11:30:00,7243,internal_destination,W,TR,14.000000,0
138,11:30:00,7243,external_origin,N,L,1.000000,0
138,11:30:00,7243,external_origin,N,TR,7.000000,0
138,11:30:00,7243,external_origin,S,L,2.000000,0
138,11:30:00,7243,external_origin,S,TR,7.000000,0
138,11:30:00,7142,internal_destination,E,L,6.000000,0
138,11:30:00,7142,internal_destination,E,T,38.000000,0
138,11:30:00,7142,internal_destination,E,R,7.000000,0
138,11:30:00,7142,external_origin,W,L,6.000000,0
138,11:30:00,7142,external_origin,W,T,37.000000,0
138,11:30:00,7142,external_origin,W,R,6.000000,0
138,11:30:00,7142,external_origin,N,L,7.000000,0
138,11:30:00,7142,external_origin,N,T,33.000000,0
138,11:30:00,7142,external_origin,N,TR,18.000000,0
138,11:30:00,7142,external_origin,S,L,6.000000,0
138,11:30:00,7142,external_origin,S,T,17.000000,0
138,11:30:00,7142,external_origin,S,TR,14.000000,0
139,11:35:00,7243,external_origin,E,L,1.000000,0
139,11:35:00,7243,external_origin,E,T,30.000000,0
139,11:35:00,7243,external_origin,E,TR,12.000000,0
139,11:35:00,7243,internal_destination,W,T,32.000000,0
139,11:35:00,7243,internal_destination,W,TR,15.000000,0
139,11:35:00,7243,external_origin,N,L,1.000000,0
139,11:35:00,7243,external_origin,N,TR,7.000000,0
139,11:35:00,7243,external_origin,S,L,3.000000,0
139,11:35:00,7243,external_origin,S,TR,7.000000,0
139,11:35:00,7142,internal_destination,E,L,6.000000,0
139,11:35:00,7142,internal_destination,E,T,43.000000,0
139,11:35:00,7142,internal_destination,E,R,9.000000,0
139,11:35:00,7142,external_origin,W,L,8.000000,0
139,11:35:00,7142,external_origin,W,T,44.000000,0
139,11:35:00,7142,external_origin,W,R,9.000000,0
139,11:35:00,7142,external_origin,N,L,8.000000,0
139,11:35:00,7142,external_origin,N,T,39.000000,0
139,11:35:00,7142,external_origin,N,TR,24.000000,0
139,11:35:00,7142,external_origin,S,L,7.000000,0
139,11:35:00,7142,external_origin,S,T,18.000000,0
139,11:35:00,7142,external_origin,S,TR,19.000000,0
140,11:40:00,7243,external_origin,E,L,2.000000,0
140,11:40:00,7243,external_origin,E,T,41.000000,0
140,11:40:00,7243,external_origin,E,TR,14.000000,0
140,11:40:00,7243,internal_destination,W,T,30.000000,0
140,11:40:00,7243,internal_destination,W,TR,16.000000,0
140,11:40:00,7243,external_origin,N,L,1.000000,0
140,11:40:00,7243,external_origin,N,TR,11.000000,0
140,11:40:00,7243,external_origin,S,L,4.000000,0
140,11:40:00,7243,external_origin,S,TR,8.000000,0
140,11:40:00,7142,internal_destination,E,L,6.000000,0
140,11:40:00,7142,internal_destination,E,T,34.000000,0
140,11:40:00,7142,internal_destination,E,R,10.000000,0
140,11:40:00,7142,external_origin,W,L,8.000000,0
140,11:40:00,7142,external_origin,W,T,36.000000,0
140,11:40:00,7142,external_origin,W,R,8.000000,0
140,11:40:00,7142,external_origin,N,L,9.000000,0
140,11:40:00,7142,external_origin,N,T,45.000000,0
140,11:40:00,7142,external_origin,N,TR,26.000000,0
140,11:40:00,7142,external_origin,S,L,7.000000,0
140,11:40:00,7142,external_origin,S,T,21.000000,0
140,11:40:00,7142,external_origin,S,TR,20.000000,0
141,11:45:00,7243,external_origin,E,L,1.000000,0
141,11:45:00,7243,external_origin,E,T,33.000000,0
141,11:45:00,7243,external_origin,E,TR,11.000000,0
141,11:45:00,7243,internal_destination,W,T,30.000000,0
141,11:45:00,7243,internal_destination,W,TR,12.000000,0
141,11:45:00,7243,external_origin,N,L,1.000000,0
141,11:45:00,7243,external_origin,N,TR,7.000000,0
141,11:45:00,7243,external_origin,S,L,2.000000,0
141,11:45:00,7243,external_origin,S,TR,8.000000,0
141,11:45:00,7142,internal_destination,E,L,5.000000,0
141,11:45:00,7142,internal_destination,E,T,31.000000,0
141,11:45:00,7142,internal_destination,E,R,9.000000,0
141,11:45:00,7142,external_origin,W,L,6.000000,0
141,11:45:00,7142,external_origin,W,T,32.000000,0
141,11:45:00,7142,external_origin,W,R,7.000000,0
141,11:45:00,7142,external_origin,N,L,9.000000,0
141,11:45:00,7142,external_origin,N,T,45.000000,0
141,11:45:00,7142,external_origin,N,TR,24.000000,0
141,11:45:00,7142,external_origin,S,L,8.000000,0
141,11:45:00,7142,external_origin,S,T,21.000000,0
141,11:45:00,7142,external_origin,S,TR,20.000000,0
142,11:50:00,7243,external_origin,E,L,2.000000,0
142,11:50:00,7243,external_origin,E,T,44.000000,0
142,11:50:00,7243,external_origin,E,TR,15.000000,0
142,11:50:00,7243,internal_destination,W,T,47.000000,0
142,11:50:00,7243,internal_destination,W,TR,21.000000,0
142,11:50:00,7243,external_origin,N,L,1.000000,0
142,11:50:00,7243,external_origin,N,TR,8.000000,0
142,11:50:00,7243,external_origin,S,L,3.000000,0
142,11:50:00,7243,external_origin,S,TR,6.000000,0
142,11:50:00,7142,internal_destination,E,L,7.000000,0
142,11:50:00,7142,internal_destination,E,T,46.000000,0
142,11:50:00,7142,internal_destination,E,R,11.000000,0
142,11:50:00,7142,external_origin,W,L,7.000000,0
142,11:50:00,7142,external_origin,W,T,48.000000,0
142,11:50:00,7142,external_origin,W,R,8.000000,0
142,11:50:00,7142,external_origin,N,L,10.000000,0
142,11:50:00,7142,external_origin,N,T,42.000000,0
142,11:50:00,7142,external_origin,N,TR,23.000000,0
142,11:50:00,7142,external_origin,S,L,7.000000,0
142,11:50:00,7142,external_origin,S,T,18.000000,0
142,11:50:00,7142,external_origin,S,TR,19.000000,0
143,11:55:00,7243,external_origin,E,L,2.000000,0
143,11:55:00,7243,external_origin,E,T,31.000000,0
143,11:55:00,7243,external_origin,E,TR,13.000000,0
143,11:55:00,7243,internal_destination,W,T,32.000000,0
143,11:55:00,7243,internal_destination,W,TR,14.000000,0
143,11:55:00,7243,external_origin,N,L,1.000000,0
143,11:55:00,7243,external_origin,N,TR,8.000000,0
143,11:55:00,7243,external_origin,S,L,3.000000,0
143,11:55:00,7243,external_origin,S,TR,6.000000,0
143,11:55:00,7142,internal_destination,E,L,7.000000,0
143,11:55:00,7142,internal_destination,E,T,38.000000,0
143,11:55:00,7142,internal_destination,E,R,10.000000,0
143,11:55:00,7142,external_origin,W,L,8.000000,0
143,11:55:00,7142,external_origin,W,T,43.000000,0
143,11:55:00,7142,external_origin,W,R,9.000000,0
143,11:55:00,7142,external_origin,N,L,8.000000,0
143,11:55:00,7142,external_origin,N,T,35.000000,0
143,11:55:00,7142,external_origin,N,TR,21.000000,0
143,11:55:00,7142,external_origin,S,L,7.000000,0
143,11:55:00,7142,external_origin,S,T,16.000000,0
143,11:55:00,7142,external_origin,S,TR,17.000000,0
144,12:00:00,7243,external_origin,E,L,2.000000,0
144,12:00:00,7243,external_origin,E,T,33.000000,0
144,12:00:00,7243,external_origin,E,TR,12.000000,0
144,12:00:00,7243,internal_destination,W,T,35.000000,0
144,12:00:00,7243,internal_destination,W,TR,16.000000,0
144,12:00:00,7243,external_origin,N,L,1.000000,0
144,12:00:00,7243,external_origin,N,TR,12.000000,0
144,12:00:00,7243,external_origin,S,L,4.000000,0
144,12:00:00,7243,external_origin,S,TR,9.000000,0
144,12:00:00,7142,internal_destination,E,L,6.000000,0
144,12:00:00,7142,internal_destination,E,T,34.000000,0
144,12:00:00,7142,internal_destination,E,R,9.000000,0
144,12:00:00,7142,external_origin,W,L,8.000000,0
144,12:00:00,7142,external_origin,W,T,42.000000,0
144,12:00:00,7142,external_origin,W,R,8.000000,0
144,12:00:00,7142,external_origin,N,L,9.000000,0
144,12:00:00,7142,external_origin,N,T,48.000000,0
144,12:00:00,7142,external_origin,N,TR,26.000000,0
144,12:00:00,7142,external_origin,S,L,7.000000,0
144,12:00:00,7142,external_origin,S,T,20.000000,0
144,12:00:00,7142,external_origin,S,TR,21.000000,0
145,12:05:00,7243,external_origin,E,L,2.000000,0
145,12:05:00,7243,external_origin,E,T,37.000000,0
145,12:05:00,7243,external_origin,E,TR,12.000000,0
145,12:05:00,7243,internal_destination,W,T,39.000000,0
145,12:05:00,7243,internal_destination,W,TR,18.000000,0
145,12:05:00,7243,external_origin,N,L,0.000000,0
145,12:05:00,7243,external_origin,N,TR,8.000000,0
145,12:05:00,7243,external_origin,S,L,3.000000,0
145,12:05:00,7243,external_origin,S,TR,8.000000,0
145,12:05:00,7142,internal_destination,E,L,6.000000,0
145,12:05:00,7142,internal_destination,E,T,35.000000,0
145,12:05:00,7142,internal_destination,E,R,10.000000,0
145,12:05:00,7142,external_origin,W,L,7.000000,0
145,12:05:00,7142,external_origin,W,T,37.000000,0
145,12:05:00,7142,external_origin,W,R,8.000000,0
145,12:05:00,7142,external_origin,N,L,11.000000,0
145,12:05:00,7142,external_origin,N,T,42.000000,0
145,12:05:00,7142,external_origin,N,TR,24.000000,0
145,12:05:00,7142,external_origin,S,L,8.000000,0
145,12:05:00,7142,external_origin,S,T,21.000000,0
145,12:05:00,7142,external_origin,S,TR,20.000000,0
146,12:10:00,7243,external_origin,E,L,2.000000,0
146,12:10:00,7243,external_origin,E,T,41.000000,0
146,12:10:00,7243,external_origin,E,TR,15.000000,0
146,12:10:00,7243,internal_destination,W,T,42.000000,0
146,12:10:00,7243,internal_destination,W,TR,20.000000,0
146,12:10:00,7243,external_origin,N,L,1.000000,0
146,12:10:00,7243,external_origin,N,TR,10.000000,0
146,12:10:00,7243,external_origin,S,L,4.000000,0
146,12:10:00,7243,external_origin,S,TR,8.000000,0
146,12:10:00,7142,internal_destination,E,L,4.000000,0
146,12:10:00,7142,internal_destination,E,T,37.000000,0
146,12:10:00,7142,internal_destination,E,R,8.000000,0
146,12:10:00,7142,external_origin,W,L,5.000000,0
146,12:10:00,7142,external_origin,W,T,44.000000,0
146,12:10:00,7142,external_origin,W,R,10.000000,0
146,12:10:00,7142,external_origin,N,L,9.000000,0
146,12:10:00,7142,external_origin,N,T,42.000000,0
146,12:10:00,7142,external_origin,N,TR,24.000000,0
146,12:10:00,7142,external_origin,S,L,9.000000,0
146,12:10:00,7142,external_origin,S,T,22.000000,0
146,12:10:00,7142,external_origin,S,TR,22.000000,0
147,12:15:00,7243,external_origin,E,L,1.000000,0
147,12:15:00,7243,external_origin,E,T,27.000000,0
147,12:15:00,7243,external_origin,E,TR,9.000000,0
147,12:15:00,7243,internal_destination,W,T,26.000000,0
147,12:15:00,7243,internal_destination,W,TR,12.000000,0
147,12:15:00,7243,external_origin,N,L,0.000000,0
147,12:15:00,7243,external_origin,N,TR,6.000000,0
147,12:15:00,7243,external_origin,S,L,3.000000,0
147,12:15:00,7243,external_origin,S,TR,5.000000,0
147,12:15:00,7142,internal_destination,E,L,6.000000,0
147,12:15:00,7142,internal_destination,E,T,41.000000,0
147,12:15:00,7142,internal_destination,E,R,9.000000,0
147,12:15:00,7142,external_origin,W,L,7.000000,0
147,12:15:00,7142,external_origin,W,T,41.000000,0
147,12:15:00,7142,external_origin,W,R,9.000000,0
147,12:15:00,7142,external_origin,N,L,8.000000,0
147,12:15:00,7142,external_origin,N,T,32.000000,0
147,12:15:00,7142,external_origin,N,TR,18.000000,0
147,12:15:00,7142,external_origin,S,L,8.000000,0
147,12:15:00,7142,external_origin,S,T,18.000000,0
147,12:15:00,7142,external_origin,S,TR,19.000000,0
148,12:20:00,7243,external_origin,E,L,2.000000,0
148,12:20:00,7243,external_origin,E,T,40.000000,0
148,12:20:00,7243,external_origin,E,TR,14.000000,0
148,12:20:00,7243,internal_destination,W,T,45.000000,0
148,12:20:00,7243,internal_destination,W,TR,23.000000,0
148,12:20:00,7243,external_origin,N,L,1.000000,0
148,12:20:00,7243,external_origin,N,TR,10.000000,0
148,12:20:00,7243,external_origin,S,L,4.000000,0
148,12:20:00,7243,external_origin,S,TR,8.000000,0
148,12:20:00,7142,internal_destination,E,L,5.000000,0
148,12:20:00,7142,internal_destination,E,T,42.000000,0
148,12:20:00,7142,internal_destination,E,R,9.000000,0
148,12:20:00,7142,external_origin,W,L,7.000000,0
148,12:20:00,7142,external_origin,W,T,49.000000,0
148,12:20:00,7142,external_origin,W,R,10.000000,0
148,12:20:00,7142,external_origin,N,L,8.000000,0
148,12:20:00,7142,external_origin,N,T,39.000000,0
148,12:20:00,7142,external_origin,N,TR,24.000000,0
148,12:20:00,7142,external_origin,S,L,7.000000,0
148,12:20:00,7142,external_origin,S,T,17.000000,0
148,12:20:00,7142,external_origin,S,TR,18.000000,0
149,12:25:00,7243,external_origin,E,L,1.000000,0
149,12:25:00,7243,external_origin,E,T,26.000000,0
149,12:25:00,7243,external_origin,E,TR,10.000000,0
149,12:25:00,7243,internal_destination,W,T,25.000000,0
149,12:25:00,7243,internal_destination,W,TR,12.000000,0
149,12:25:00,7243,external_origin,N,L,0.000000,0
149,12:25:00,7243,external_origin,N,TR,7.000000,0
149,12:25:00,7243,external_origin,S,L,3.000000,0
149,12:25:00,7243,external_origin,S,TR,7.000000,0
149,12:25:00,7142,internal_destination,E,L,5.000000,0
149,12:25:00,7142,internal_destination,E,T,32.000000,0
149,12:25:00,7142,internal_destination,E,R,10.000000,0
149,12:25:00,7142,external_origin,W,L,7.000000,0
149,12:25:00,7142,external_origin,W,T,37.000000,0
149,12:25:00,7142,external_origin,W,R,8.000000,0
149,12:25:00,7142,external_origin,N,L,9.000000,0
149,12:25:00,7142,external_origin,N,T,43.000000,0
149,12:25:00,7142,external_origin,N,TR,24.000000,0
149,12:25:00,7142,external_origin,S,L,8.000000,0
149,12:25:00,7142,external_origin,S,T,23.000000,0
149,12:25:00,7142,external_origin,S,TR,20.000000,0
150,12:30:00,7243,external_origin,E,L,1.000000,0
150,12:30:00,7243,external_origin,E,T,45.000000,0
150,12:30:00,7243,external_origin,E,TR,14.000000,0
150,12:30:00,7243,internal_destination,W,T,43.000000,0
150,12:30:00,7243,internal_destination,W,TR,19.000000,0
150,12:30:00,7243,external_origin,N,L,1.000000,0
150,12:30:00,7243,external_origin,N,TR,11.000000,0
150,12:30:00,7243,external_origin,S,L,4.000000,0
150,12:30:00,7243,external_origin,S,TR,10.000000,0
150,12:30:00,7142,internal_destination,E,L,4.000000,0
150,12:30:00,7142,internal_destination,E,T,31.000000,0
150,12:30:00,7142,internal_destination,E,R,8.000000,0
150,12:30:00,7142,external_origin,W,L,5.000000,0
150,12:30:00,7142,external_origin,W,T,38.000000,0
150,12:30:00,7142,external_origin,W,R,8.000000,0
150,12:30:00,7142,external_origin,N,L,10.000000,0
150,12:30:00,7142,external_origin,N,T,46.000000,0
150,12:30:00,7142,external_origin,N,TR,24.000000,0
150,12:30:00,7142,external_origin,S,L,9.000000,0
150,12:30:00,7142,external_origin,S,T,18.000000,0
150,12:30:00,7142,external_origin,S,TR,19.000000,0
151,12:35:00,7243,external_origin,E,L,1.000000,0
151,12:35:00,7243,external_origin,E,T,32.000000,0
151,12:35:00,7243,external_origin,E,TR,12.000000,0
151,12:35:00,7243,internal_destination,W,T,34.000000,0
151,12:35:00,7243,internal_destination,W,TR,16.000000,0
151,12:35:00,7243,external_origin,N,L,0.000000,0
151,12:35:00,7243,external_origin,N,TR,7.000000,0
151,12:35:00,7243,external_origin,S,L,2.000000,0
151,12:35:00,7243,external_origin,S,TR,6.000000,0
151,12:35:00,7142,internal_destination,E,L,5.000000,0
151,12:35:00,7142,internal_destination,E,T,44.000000,0
151,12:35:00,7142,internal_destination,E,R,10.000000,0
151,12:35:00,7142,external_origin,W,L,7.000000,0
151,12:35:00,7142,external_origin,W,T,46.000000,0
151,12:35:00,7142,external_origin,W,R,9.000000,0
151,12:35:00,7142,external_origin,N,L,8.000000,0
151,12:35:00,7142,external_origin,N,T,38.000000,0
151,12:35:00,7142,external_origin,N,TR,21.000000,0
151,12:35:00,7142,external_origin,S,L,7.000000,0
151,12:35:00,7142,external_origin,S,T,21.000000,0
151,12:35:00,7142,external_origin,S,TR,19.000000,0
152,12:40:00,7243,external_origin,E,L,1.000000,0
152,12:40:00,7243,external_origin,E,T,44.000000,0
152,12:40:00,7243,external_origin,E,TR,17.000000,0
152,12:40:00,7243,internal_destination,W,T,46.000000,0
152,12:40:00,7243,internal_destination,W,TR,20.000000,0
152,12:40:00,7243,external_origin,N,L,0.000000,0
152,12:40:00,7243,external_origin,N,TR,12.000000,0
152,12:40:00,7243,external_origin,S,L,4.000000,0
152,12:40:00,7243,external_origin,S,TR,10.000000,0
152,12:40:00,7142,internal_destination,E,L,6.000000,0
152,12:40:00,7142,internal_destination,E,T,38.000000,0
152,12:40:00,7142,internal_destination,E,R,9.000000,0
152,12:40:00,7142,external_origin,W,L,7.000000,0
152,12:40:00,7142,external_origin,W,T,45.000000,0
152,12:40:00,7142,external_origin,W,R,9.000000,0
152,12:40:00,7142,external_origin,N,L,9.000000,0
152,12:40:00,7142,external_origin,N,T,34.000000,0
152,12:40:00,7142,external_origin,N,TR,20.000000,0
152,12:40:00,7142,external_origin,S,L,7.000000,0
152,12:40:00,7142,external_origin,S,T,15.000000,0
152,12:40:00,7142,external_origin,S,TR,18.000000,0
153,12:45:00,7243,external_origin,E,L,1.000000,0
153,12:45:00,7243,external_origin,E,T,30.000000,0
153,12:45:00,7243,external_origin,E,TR,12.000000,0
153,12:45:00,7243,internal_destination,W,T,29.000000,0
153,12:45:00,7243,internal_destination,W,TR,12.000000,0
153,12:45:00,7243,external_origin,N,L,1.000000,0
153,12:45:00,7243,external_origin,N,TR,9.000000,0
153,12:45:00,7243,external_origin,S,L,3.000000,0
153,12:45:00,7243,external_origin,S,TR,7.000000,0
153,12:45:00,7142,internal_destination,E,L,7.000000,0
153,12:45:00,7142,internal_destination,E,T,34.000000,0
153,12:45:00,7142,internal_destination,E,R,8.000000,0
153,12:45:00,7142,external_origin,W,L,7.000000,0
153,12:45:00,7142,external_origin,W,T,43.000000,0
153,12:45:00,7142,external_origin,W,R,9.000000,0
153,12:45:00,7142,external_origin,N,L,10.000000,0
153,12:45:00,7142,external_origin,N,T,45.000000,0
153,12:45:00,7142,external_origin,N,TR,25.000000,0
153,12:45:00,7142,external_origin,S,L,7.000000,0
153,12:45:00,7142,external_origin,S,T,20.000000,0
153,12:45:00,7142,external_origin,S,TR,19.000000,0
154,12:50:00,7243,external_origin,E,L,1.000000,0
154,12:50:00,7243,external_origin,E,T,41.000000,0
154,12:50:00,7243,external_origin,E,TR,18.000000,0
154,12:50:00,7243,internal_destination,W,T,46.000000,0
154,12:50:00,7243,internal_destination,W,TR,20.000000,0
154,12:50:00,7243,external_origin,N,L,1.000000,0
154,12:50:00,7243,external_origin,N,TR,12.000000,0
154,12:50:00,7243,external_origin,S,L,5.000000,0
154,12:50:00,7243,external_origin,S,TR,10.000000,0
154,12:50:00,7142,internal_destination,E,L,6.000000,0
154,12:50:00,7142,internal_destination,E,T,33.000000,0
154,12:50:00,7142,internal_destination,E,R,10.000000,0
154,12:50:00,7142,external_origin,W,L,8.000000,0
154,12:50:00,7142,external_origin,W,T,36.000000,0
154,12:50:00,7142,external_origin,W,R,9.000000,0
154,12:50:00,7142,external_origin,N,L,11.000000,0
154,12:50:00,7142,external_origin,N,T,47.000000,0
154,12:50:00,7142,external_origin,N,TR,25.000000,0
154,12:50:00,7142,external_origin,S,L,8.000000,0
154,12:50:00,7142,external_origin,S,T,21.000000,0
154,12:50:00,7142,external_origin,S,TR,21.000000,0
155,12:55:00,7243,external_origin,E,L,1.000000,0
155,12:55:00,7243,external_origin,E,T,30.000000,0
155,12:55:00,7243,external_origin,E,TR,12.000000,0
155,12:55:00,7243,internal_destination,W,T,33.000000,0
155,12:55:00,7243,internal_destination,W,TR,16.000000,0
155,12:55:00,7243,external_origin,N,L,1.000000,0
155,12:55:00,7243,external_origin,N,TR,7.000000,0
155,12:55:00,7243,external_origin,S,L,4.000000,0
155,12:55:00,7243,external_origin,S,TR,7.000000,0
155,12:55:00,7142,internal_destination,E,L,4.000000,0
155,12:55:00,7142,internal_destination,E,T,42.000000,0
155,12:55:00,7142,internal_destination,E,R,10.000000,0
155,12:55:00,7142,external_origin,W,L,4.000000,0
155,12:55:00,7142,external_origin,W,T,45.000000,0
155,12:55:00,7142,external_origin,W,R,8.000000,0
155,12:55:00,7142,external_origin,N,L,11.000000,0
155,12:55:00,7142,external_origin,N,T,44.000000,0
155,12:55:00,7142,external_origin,N,TR,25.000000,0
155,12:55:00,7142,external_origin,S,L,7.000000,0
155,12:55:00,7142,external_origin,S,T,20.000000,0
155,12:55:00,7142,external_origin,S,TR,20.000000,0
156,13:00:00,7243,external_origin,E,L,2.000000,0
156,13:00:00,7243,external_origin,E,T,41.000000,0
156,13:00:00,7243,external_origin,E,TR,16.000000,0
156,13:00:00,7243,internal_destination,W,T,46.000000,0
156,13:00:00,7243,internal_destination,W,TR,21.000000,0
156,13:00:00,7243,external_origin,N,L,1.000000,0
156,13:00:00,7243,external_origin,N,TR,10.000000,0
156,13:00:00,7243,external_origin,S,L,4.000000,0
156,13:00:00,7243,external_origin,S,TR,9.000000,0
156,13:00:00,7142,internal_destination,E,L,5.000000,0
156,13:00:00,7142,internal_destination,E,T,38.000000,0
156,13:00:00,7142,internal_destination,E,R,9.000000,0
156,13:00:00,7142,external_origin,W,L,6.000000,0
156,13:00:00,7142,external_origin,W,T,45.000000,0
156,13:00:00,7142,external_origin,W,R,9.000000,0
156,13:00:00,7142,external_origin,N,L,8.000000,0
156,13:00:00,7142,external_origin,N,T,34.000000,0
156,13:00:00,7142,external_origin,N,TR,19.000000,0
156,13:00:00,7142,external_origin,S,L,8.000000,0
156,13:00:00,7142,external_origin,S,T,18.000000,0
156,13:00:00,7142,external_origin,S,TR,18.000000,0
157,13:05:00,7243,external_origin,E,L,1.000000,0
157,13:05:00,7243,external_origin,E,T,28.000000,0
157,13:05:00,7243,external_origin,E,TR,12.000000,0
157,13:05:00,7243,internal_destination,W,T,38.000000,0
157,13:05:00,7243,internal_destination,W,TR,16.000000,0
157,13:05:00,7243,external_origin,N,L,1.000000,0
157,13:05:00,7243,external_origin,N,TR,8.000000,0
157,13:05:00,7243,external_origin,S,L,4.000000,0
157,13:05:00,7243,external_origin,S,TR,8.000000,0
157,13:05:00,7142,internal_destination,E,L,6.000000,0
157,13:05:00,7142,internal_destination,E,T,42.000000,0
157,13:05:00,7142,internal_destination,E,R,11.000000,0
157,13:05:00,7142,external_origin,W,L,7.000000,0
157,13:05:00,7142,external_origin,W,T,52.000000,0
157,13:05:00,7142,external_origin,W,R,10.000000,0
157,13:05:00,7142,external_origin,N,L,9.000000,0
157,13:05:00,7142,external_origin,N,T,38.000000,0
157,13:05:00,7142,external_origin,N,TR,23.000000,0
157,13:05:00,7142,external_origin,S,L,9.000000,0
157,13:05:00,7142,external_origin,S,T,19.000000,0
157,13:05:00,7142,external_origin,S,TR,22.000000,0
158,13:10:00,7243,external_origin,E,L,2.000000,0
158,13:10:00,7243,external_origin,E,T,37.000000,0
158,13:10:00,7243,external_origin,E,TR,14.000000,0
158,13:10:00,7243,internal_destination,W,T,35.000000,0
158,13:10:00,7243,internal_destination,W,TR,18.000000,0
158,13:10:00,7243,external_origin,N,L,1.000000,0
158,13:10:00,7243,external_origin,N,TR,11.000000,0
158,13:10:00,7243,external_origin,S,L,5.000000,0
158,13:10:00,7243,external_origin,S,TR,11.000000,0
158,13:10:00,7142,internal_destination,E,L,6.000000,0
158,13:10:00,7142,internal_destination,E,T,30.000000,0
158,13:10:00,7142,internal_destination,E,R,8.000000,0
158,13:10:00,7142,external_origin,W,L,7.000000,0
158,13:10:00,7142,external_origin,W,T,41.000000,0
158,13:10:00,7142,external_origin,W,R,8.000000,0
158,13:10:00,7142,external_origin,N,L,11.000000,0
158,13:10:00,7142,external_origin,N,T,45.000000,0
158,13:10:00,7142,external_origin,N,TR,24.000000,0
158,13:10:00,7142,external_origin,S,L,7.000000,0
158,13:10:00,7142,external_origin,S,T,21.000000,0
158,13:10:00,7142,external_origin,S,TR,23.000000,0
159,13:15:00,7243,external_origin,E,L,1.000000,0
159,13:15:00,7243,external_origin,E,T,31.000000,0
159,13:15:00,7243,external_origin,E,TR,11.000000,0
159,13:15:00,7243,internal_destination,W,T,34.000000,0
159,13:15:00,7243,internal_destination,W,TR,14.000000,0
159,13:15:00,7243,external_origin,N,L,0.000000,0
159,13:15:00,7243,external_origin,N,TR,7.000000,0
159,13:15:00,7243,external_origin,S,L,3.000000,0
159,13:15:00,7243,external_origin,S,TR,8.000000,0
159,13:15:00,7142,internal_destination,E,L,4.000000,0
159,13:15:00,7142,internal_destination,E,T,28.000000,0
159,13:15:00,7142,internal_destination,E,R,9.000000,0
159,13:15:00,7142,external_origin,W,L,5.000000,0
159,13:15:00,7142,external_origin,W,T,37.000000,0
159,13:15:00,7142,external_origin,W,R,7.000000,0
159,13:15:00,7142,external_origin,N,L,10.000000,0
159,13:15:00,7142,external_origin,N,T,44.000000,0
159,13:15:00,7142,external_origin,N,TR,23.000000,0
159,13:15:00,7142,external_origin,S,L,7.000000,0
159,13:15:00,7142,external_origin,S,T,22.000000,0
159,13:15:00,7142,external_origin,S,TR,21.000000,0
160,13:20:00,7243,external_origin,E,L,2.000000,0
160,13:20:00,7243,external_origin,E,T,42.000000,0
160,13:20:00,7243,external_origin,E,TR,15.000000,0
160,13:20:00,7243,internal_destination,W,T,53.000000,0
160,13:20:00,7243,internal_destination,W,TR,22.000000,0
160,13:20:00,7243,external_origin,N,L,1.000000,0
160,13:20:00,7243,external_origin,N,TR,9.000000,0
160,13:20:00,7243,external_origin,S,L,4.000000,0
160,13:20:00,7243,external_origin,S,TR,8.000000,0
160,13:20:00,7142,internal_destination,E,L,5.000000,0
160,13:20:00,7142,internal_destination,E,T,40.000000,0
160,13:20:00,7142,internal_destination,E,R,11.000000,0
160,13:20:00,7142,external_origin,W,L,6.000000,0
160,13:20:00,7142,external_origin,W,T,49.000000,0
160,13:20:00,7142,external_origin,W,R,8.000000,0
160,13:20:00,7142,external_origin,N,L,10.000000,0
160,13:20:00,7142,external_origin,N,T,39.000000,0
160,13:20:00,7142,external_origin,N,TR,22.000000,0
160,13:20:00,7142,external_origin,S,L,7.000000,0
160,13:20:00,7142,external_origin,S,T,19.000000,0
160,13:20:00,7142,external_origin,S,TR,20.000000,0
161,13:25:00,7243,external_origin,E,L,1.000000,0
161,13:25:00,7243,external_origin,E,T,27.000000,0
161,13:25:00,7243,external_origin,E,TR,9.000000,0
161,13:25:00,7243,internal_destination,W,T,27.000000,0
161,13:25:00,7243,internal_destination,W,TR,11.000000,0
161,13:25:00,7243,external_origin,N,L,0.000000,0
161,13:25:00,7243,external_origin,N,TR,7.000000,0
161,13:25:00,7243,external_origin,S,L,2.000000,0
161,13:25:00,7243,external_origin,S,TR,7.000000,0
161,13:25:00,7142,internal_destination,E,L,6.000000,0
161,13:25:00,7142,internal_destination,E,T,38.000000,0
161,13:25:00,7142,internal_destination,E,R,9.000000,0
161,13:25:00,7142,external_origin,W,L,7.000000,0
161,13:25:00,7142,external_origin,W,T,45.000000,0
161,13:25:00,7142,external_origin,W,R,9.000000,0
161,13:25:00,7142,external_origin,N,L,9.000000,0
161,13:25:00,7142,external_origin,N,T,37.000000,0
161,13:25:00,7142,external_origin,N,TR,21.000000,0
161,13:25:00,7142,external_origin,S,L,7.000000,0
161,13:25:00,7142,external_origin,S,T,16.000000,0
161,13:25:00,7142,external_origin,S,TR,18.000000,0
162,13:30:00,7243,external_origin,E,L,2.000000,0
162,13:30:00,7243,external_origin,E,T,33.000000,0
162,13:30:00,7243,external_origin,E,TR,12.000000,0
162,13:30:00,7243,internal_destination,W,T,35.000000,0
162,13:30:00,7243,internal_destination,W,TR,14.000000,0
162,13:30:00,7243,external_origin,N,L,1.000000,0
162,13:30:00,7243,external_origin,N,TR,11.000000,0
162,13:30:00,7243,external_origin,S,L,4.000000,0
162,13:30:00,7243,external_origin,S,TR,9.000000,0
162,13:30:00,7142,internal_destination,E,L,5.000000,0
162,13:30:00,7142,internal_destination,E,T,33.000000,0
162,13:30:00,7142,internal_destination,E,R,9.000000,0
162,13:30:00,7142,external_origin,W,L,7.000000,0
162,13:30:00,7142,external_origin,W,T,44.000000,0
162,13:30:00,7142,external_origin,W,R,8.000000,0
162,13:30:00,7142,external_origin,N,L,9.000000,0
162,13:30:00,7142,external_origin,N,T,44.000000,0
162,13:30:00,7142,external_origin,N,TR,23.000000,0
162,13:30:00,7142,external_origin,S,L,7.000000,0
162,13:30:00,7142,external_origin,S,T,21.000000,0
162,13:30:00,7142,external_origin,S,TR,22.000000,0
163,13:35:00,7243,external_origin,E,L,1.000000,0
163,13:35:00,7243,external_origin,E,T,31.000000,0
163,13:35:00,7243,external_origin,E,TR,12.000000,0
163,13:35:00,7243,internal_destination,W,T,40.000000,0
163,13:35:00,7243,internal_destination,W,TR,16.000000,0
163,13:35:00,7243,external_origin,N,L,1.000000,0
163,13:35:00,7243,external_origin,N,TR,8.000000,0
163,13:35:00,7243,external_origin,S,L,3.000000,0
163,13:35:00,7243,external_origin,S,TR,8.000000,0
163,13:35:00,7142,internal_destination,E,L,5.000000,0
163,13:35:00,7142,internal_destination,E,T,27.000000,0
163,13:35:00,7142,internal_destination,E,R,10.000000,0
163,13:35:00,7142,external_origin,W,L,8.000000,0
163,13:35:00,7142,external_origin,W,T,36.000000,0
163,13:35:00,7142,external_origin,W,R,9.000000,0
163,13:35:00,7142,external_origin,N,L,10.000000,0
163,13:35:00,7142,external_origin,N,T,43.000000,0
163,13:35:00,7142,external_origin,N,TR,24.000000,0
163,13:35:00,7142,external_origin,S,L,7.000000,0
163,13:35:00,7142,external_origin,S,T,21.000000,0
163,13:35:00,7142,external_origin,S,TR,22.000000,0
164,13:40:00,7243,external_origin,E,L,2.000000,0
164,13:40:00,7243,external_origin,E,T,42.000000,0
164,13:40:00,7243,external_origin,E,TR,15.000000,0
164,13:40:00,7243,internal_destination,W,T,45.000000,0
164,13:40:00,7243,internal_destination,W,TR,21.000000,0
164,13:40:00,7243,external_origin,N,L,1.000000,0
164,13:40:00,7243,external_origin,N,TR,10.000000,0
164,13:40:00,7243,external_origin,S,L,4.000000,0
164,13:40:00,7243,external_origin,S,TR,9.000000,0
164,13:40:00,7142,internal_destination,E,L,4.000000,0
164,13:40:00,7142,internal_destination,E,T,36.000000,0
164,13:40:00,7142,internal_destination,E,R,9.000000,0
164,13:40:00,7142,external_origin,W,L,5.000000,0
164,13:40:00,7142,external_origin,W,T,44.000000,0
164,13:40:00,7142,external_origin,W,R,7.000000,0
164,13:40:00,7142,external_origin,N,L,9.000000,0
164,13:40:00,7142,external_origin,N,T,46.000000,0
164,13:40:00,7142,external_origin,N,TR,24.000000,0
164,13:40:00,7142,external_origin,S,L,7.000000,0
164,13:40:00,7142,external_origin,S,T,22.000000,0
164,13:40:00,7142,external_origin,S,TR,23.000000,0
165,13:45:00,7243,external_origin,E,L,2.000000,0
165,13:45:00,7243,external_origin,E,T,34.000000,0
165,13:45:00,7243,external_origin,E,TR,14.000000,0
165,13:45:00,7243,internal_destination,W,T,35.000000,0
165,13:45:00,7243,internal_destination,W,TR,13.000000,0
165,13:45:00,7243,external_origin,N,L,1.000000,0
165,13:45:00,7243,external_origin,N,TR,7.000000,0
165,13:45:00,7243,external_origin,S,L,2.000000,0
165,13:45:00,7243,external_origin,S,TR,6.000000,0
165,13:45:00,7142,internal_destination,E,L,6.000000,0
165,13:45:00,7142,internal_destination,E,T,35.000000,0
165,13:45:00,7142,internal_destination,E,R,10.000000,0
165,13:45:00,7142,external_origin,W,L,7.000000,0
165,13:45:00,7142,external_origin,W,T,46.000000,0
165,13:45:00,7142,external_origin,W,R,8.000000,0
165,13:45:00,7142,external_origin,N,L,8.000000,0
165,13:45:00,7142,external_origin,N,T,37.000000,0
165,13:45:00,7142,external_origin,N,TR,19.000000,0
165,13:45:00,7142,external_origin,S,L,7.000000,0
165,13:45:00,7142,external_origin,S,T,18.000000,0
165,13:45:00,7142,external_origin,S,TR,18.000000,0
166,13:50:00,7243,external_origin,E,L,2.000000,0
166,13:50:00,7243,external_origin,E,T,32.000000,0
166,13:50:00,7243,external_origin,E,TR,13.000000,0
166,13:50:00,7243,internal_destination,W,T,48.000000,0
166,13:50:00,7243,internal_destination,W,TR,20.000000,0
166,13:50:00,7243,external_origin,N,L,1.000000,0
166,13:50:00,7243,external_origin,N,TR,10.000000,0
166,13:50:00,7243,external_origin,S,L,4.000000,0
166,13:50:00,7243,external_origin,S,TR,8.000000,0
166,13:50:00,7142,internal_destination,E,L,6.000000,0
166,13:50:00,7142,internal_destination,E,T,41.000000,0
166,13:50:00,7142,internal_destination,E,R,10.000000,0
166,13:50:00,7142,external_origin,W,L,7.000000,0
166,13:50:00,7142,external_origin,W,T,52.000000,0
166,13:50:00,7142,external_origin,W,R,9.000000,0
166,13:50:00,7142,external_origin,N,L,9.000000,0
166,13:50:00,7142,external_origin,N,T,41.000000,0
166,13:50:00,7142,external_origin,N,TR,25.000000,0
166,13:50:00,7142,external_origin,S,L,6.000000,0
166,13:50:00,7142,external_origin,S,T,18.000000,0
166,13:50:00,7142,external_origin,S,TR,20.000000,0
167,13:55:00,7243,external_origin,E,L,1.000000,0
167,13:55:00,7243,external_origin,E,T,25.000000,0
167,13:55:00,7243,external_origin,E,TR,9.000000,0
167,13:55:00,7243,internal_destination,W,T,27.000000,0
167,13:55:00,7243,internal_destination,W,TR,11.000000,0
167,13:55:00,7243,external_origin,N,L,1.000000,0
167,13:55:00,7243,external_origin,N,TR,7.000000,0
167,13:55:00,7243,external_origin,S,L,4.000000,0
167,13:55:00,7243,external_origin,S,TR,6.000000,0
167,13:55:00,7142,internal_destination,E,L,5.000000,0
167,13:55:00,7142,internal_destination,E,T,30.000000,0
167,13:55:00,7142,internal_destination,E,R,9.000000,0
167,13:55:00,7142,external_origin,W,L,7.000000,0
167,13:55:00,7142,external_origin,W,T,39.000000,0
167,13:55:00,7142,external_origin,W,R,7.000000,0
167,13:55:00,7142,external_origin,N,L,10.000000,0
167,13:55:00,7142,external_origin,N,T,45.000000,0
167,13:55:00,7142,external_origin,N,TR,24.000000,0
167,13:55:00,7142,external_origin,S,L,7.000000,0
167,13:55:00,7142,external_origin,S,T,23.000000,0
167,13:55:00,7142,external_origin,S,TR,22.000000,0
168,14:00:00,7243,external_origin,E,L,1.000000,0
168,14:00:00,7243,external_origin,E,T,35.000000,0
168,14:00:00,7243,external_origin,E,TR,14.000000,0
168,14:00:00,7243,internal_destination,W,T,46.000000,0
168,14:00:00,7243,internal_destination,W,TR,20.000000,0
168,14:00:00,7243,external_origin,N,L,1.000000,0
168,14:00:00,7243,external_origin,N,TR,9.000000,0
168,14:00:00,7243,external_origin,S,L,3.000000,0
168,14:00:00,7243,external_origin,S,TR,10.000000,0
168,14:00:00,7142,internal_destination,E,L,4.000000,0
168,14:00:00,7142,internal_destination,E,T,28.000000,0
168,14:00:00,7142,internal_destination,E,R,9.000000,0
168,14:00:00,7142,external_origin,W,L,6.000000,0
168,14:00:00,7142,external_origin,W,T,37.000000,0
168,14:00:00,7142,external_origin,W,R,7.000000,0
168,14:00:00,7142,external_origin,N,L,10.000000,0
168,14:00:00,7142,external_origin,N,T,42.000000,0
168,14:00:00,7142,external_origin,N,TR,22.000000,0
168,14:00:00,7142,external_origin,S,L,7.000000,0
168,14:00:00,7142,external_origin,S,T,20.000000,0
168,14:00:00,7142,external_origin,S,TR,20.000000,0
169,14:05:00,7243,external_origin,E,L,1.000000,0
169,14:05:00,7243,external_origin,E,T,29.000000,0
169,14:05:00,7243,external_origin,E,TR,13.000000,0
169,14:05:00,7243,internal_destination,W,T,50.000000,0
169,14:05:00,7243,internal_destination,W,TR,22.000000,0
169,14:05:00,7243,external_origin,N,L,1.000000,0
169,14:05:00,7243,external_origin,N,TR,7.000000,0
169,14:05:00,7243,external_origin,S,L,3.000000,0
169,14:05:00,7243,external_origin,S,TR,6.000000,0
169,14:05:00,7142,internal_destination,E,L,4.000000,0
169,14:05:00,7142,internal_destination,E,T,37.000000,0
169,14:05:00,7142,internal_destination,E,R,11.000000,0
169,14:05:00,7142,external_origin,W,L,6.000000,0
169,14:05:00,7142,external_origin,W,T,56.000000,0
169,14:05:00,7142,external_origin,W,R,7.000000,0
169,14:05:00,7142,external_origin,N,L,8.000000,0
169,14:05:00,7142,external_origin,N,T,39.000000,0
169,14:05:00,7142,external_origin,N,TR,20.000000,0
169,14:05:00,7142,external_origin,S,L,7.000000,0
169,14:05:00,7142,external_origin,S,T,20.000000,0
169,14:05:00,7142,external_origin,S,TR,19.000000,0
170,14:10:00,7243,external_origin,E,L,1.000000,0
170,14:10:00,7243,external_origin,E,T,37.000000,0
170,14:10:00,7243,external_origin,E,TR,16.000000,0
170,14:10:00,7243,internal_destination,W,T,47.000000,0
170,14:10:00,7243,internal_destination,W,TR,22.000000,0
170,14:10:00,7243,external_origin,N,L,1.000000,0
170,14:10:00,7243,external_origin,N,TR,8.000000,0
170,14:10:00,7243,external_origin,S,L,4.000000,0
170,14:10:00,7243,external_origin,S,TR,9.000000,0
170,14:10:00,7142,internal_destination,E,L,5.000000,0
170,14:10:00,7142,internal_destination,E,T,33.000000,0
170,14:10:00,7142,internal_destination,E,R,10.000000,0
170,14:10:00,7142,external_origin,W,L,8.000000,0
170,14:10:00,7142,external_origin,W,T,52.000000,0
170,14:10:00,7142,external_origin,W,R,8.000000,0
170,14:10:00,7142,external_origin,N,L,8.000000,0
170,14:10:00,7142,external_origin,N,T,31.000000,0
170,14:10:00,7142,external_origin,N,TR,19.000000,0
170,14:10:00,7142,external_origin,S,L,6.000000,0
170,14:10:00,7142,external_origin,S,T,17.000000,0
170,14:10:00,7142,external_origin,S,TR,20.000000,0
171,14:15:00,7243,external_origin,E,L,1.000000,0
171,14:15:00,7243,external_origin,E,T,26.000000,0
171,14:15:00,7243,external_origin,E,TR,11.000000,0
171,14:15:00,7243,internal_destination,W,T,29.000000,0
171,14:15:00,7243,internal_destination,W,TR,14.000000,0
171,14:15:00,7243,external_origin,N,L,1.000000,0
171,14:15:00,7243,external_origin,N,TR,6.000000,0
171,14:15:00,7243,external_origin,S,L,3.000000,0
171,14:15:00,7243,external_origin,S,TR,7.000000,0
171,14:15:00,7142,internal_destination,E,L,5.000000,0
171,14:15:00,7142,internal_destination,E,T,32.000000,0
171,14:15:00,7142,internal_destination,E,R,9.000000,0
171,14:15:00,7142,external_origin,W,L,8.000000,0
171,14:15:00,7142,external_origin,W,T,50.000000,0
171,14:15:00,7142,external_origin,W,R,8.000000,0
171,14:15:00,7142,external_origin,N,L,10.000000,0
171,14:15:00,7142,external_origin,N,T,43.000000,0
171,14:15:00,7142,external_origin,N,TR,24.000000,0
171,14:15:00,7142,external_origin,S,L,7.000000,0
171,14:15:00,7142,external_origin,S,T,23.000000,0
171,14:15:00,7142,external_origin,S,TR,24.000000,0
172,14:20:00,7243,external_origin,E,L,1.000000,0
172,14:20:00,7243,external_origin,E,T,37.000000,0
172,14:20:00,7243,external_origin,E,TR,15.000000,0
172,14:20:00,7243,internal_destination,W,T,54.000000,0
172,14:20:00,7243,internal_destination,W,TR,24.000000,0
172,14:20:00,7243,external_origin,N,L,1.000000,0
172,14:20:00,7243,external_origin,N,TR,11.000000,0
172,14:20:00,7243,external_origin,S,L,4.000000,0
172,14:20:00,7243,external_origin,S,TR,11.000000,0
172,14:20:00,7142,internal_destination,E,L,6.000000,0
172,14:20:00,7142,internal_destination,E,T,32.000000,0
172,14:20:00,7142,internal_destination,E,R,10.000000,0
172,14:20:00,7142,external_origin,W,L,7.000000,0
172,14:20:00,7142,external_origin,W,T,45.000000,0
172,14:20:00,7142,external_origin,W,R,8.000000,0
172,14:20:00,7142,external_origin,N,L,11.000000,0
172,14:20:00,7142,external_origin,N,T,40.000000,0
172,14:20:00,7142,external_origin,N,TR,24.000000,0
172,14:20:00,7142,external_origin,S,L,8.000000,0
172,14:20:00,7142,external_origin,S,T,23.000000,0
172,14:20:00,7142,external_origin,S,TR,25.000000,0
173,14:25:00,7243,external_origin,E,L,1.000000,0
173,14:25:00,7243,external_origin,E,T,24.000000,0
173,14:25:00,7243,external_origin,E,TR,9.000000,0
173,14:25:00,7243,internal_destination,W,T,33.000000,0
173,14:25:00,7243,internal_destination,W,TR,14.000000,0
173,14:25:00,7243,external_origin,N,L,0.000000,0
173,14:25:00,7243,external_origin,N,TR,5.000000,0
173,14:25:00,7243,external_origin,S,L,3.000000,0
173,14:25:00,7243,external_origin,S,TR,6.000000,0
173,14:25:00,7142,internal_destination,E,L,3.000000,0
173,14:25:00,7142,internal_destination,E,T,36.000000,0
173,14:25:00,7142,internal_destination,E,R,8.000000,0
173,14:25:00,7142,external_origin,W,L,5.000000,0
173,14:25:00,7142,external_origin,W,T,49.000000,0
173,14:25:00,7142,external_origin,W,R,7.000000,0
173,14:25:00,7142,external_origin,N,L,10.000000,0
173,14:25:00,7142,external_origin,N,T,45.000000,0
173,14:25:00,7142,external_origin,N,TR,23.000000,0
173,14:25:00,7142,external_origin,S,L,7.000000,0
173,14:25:00,7142,external_origin,S,T,22.000000,0
173,14:25:00,7142,external_origin,S,TR,23.000000,0
174,14:30:00,7243,external_origin,E,L,1.000000,0
174,14:30:00,7243,external_origin,E,T,36.000000,0
174,14:30:00,7243,external_origin,E,TR,15.000000,0
174,14:30:00,7243,internal_destination,W,T,52.000000,0
174,14:30:00,7243,internal_destination,W,TR,23.000000,0
174,14:30:00,7243,external_origin,N,L,1.000000,0
174,14:30:00,7243,external_origin,N,TR,8.000000,0
174,14:30:00,7243,external_origin,S,L,3.000000,0
174,14:30:00,7243,external_origin,S,TR,9.000000,0
174,14:30:00,7142,internal_destination,E,L,6.000000,0
174,14:30:00,7142,internal_destination,E,T,33.000000,0
174,14:30:00,7142,internal_destination,E,R,9.000000,0
174,14:30:00,7142,external_origin,W,L,8.000000,0
174,14:30:00,7142,external_origin,W,T,52.000000,0
174,14:30:00,7142,external_origin,W,R,7.000000,0
174,14:30:00,7142,external_origin,N,L,9.000000,0
174,14:30:00,7142,external_origin,N,T,33.000000,0
174,14:30:00,7142,external_origin,N,TR,18.000000,0
174,14:30:00,7142,external_origin,S,L,8.000000,0
174,14:30:00,7142,external_origin,S,T,20.000000,0
174,14:30:00,7142,external_origin,S,TR,19.000000,0
175,14:35:00,7243,external_origin,E,L,1.000000,0
175,14:35:00,7243,external_origin,E,T,21.000000,0
175,14:35:00,7243,external_origin,E,TR,8.000000,0
175,14:35:00,7243,internal_destination,W,T,35.000000,0
175,14:35:00,7243,internal_destination,W,TR,16.000000,0
175,14:35:00,7243,external_origin,N,L,1.000000,0
175,14:35:00,7243,external_origin,N,TR,5.000000,0
175,14:35:00,7243,external_origin,S,L,2.000000,0
175,14:35:00,7243,external_origin,S,TR,6.000000,0
175,14:35:00,7142,internal_destination,E,L,5.000000,0
175,14:35:00,7142,internal_destination,E,T,38.000000,0
175,14:35:00,7142,internal_destination,E,R,10.000000,0
175,14:35:00,7142,external_origin,W,L,7.000000,0
175,14:35:00,7142,external_origin,W,T,54.000000,0
175,14:35:00,7142,external_origin,W,R,8.000000,0
175,14:35:00,7142,external_origin,N,L,8.000000,0
175,14:35:00,7142,external_origin,N,T,38.000000,0
175,14:35:00,7142,external_origin,N,TR,22.000000,0
175,14:35:00,7142,external_origin,S,L,6.000000,0
175,14:35:00,7142,external_origin,S,T,18.000000,0
175,14:35:00,7142,external_origin,S,TR,23.000000,0
176,14:40:00,7243,external_origin,E,L,2.000000,0
176,14:40:00,7243,external_origin,E,T,39.000000,0
176,14:40:00,7243,external_origin,E,TR,15.000000,0
176,14:40:00,7243,internal_destination,W,T,42.000000,0
176,14:40:00,7243,internal_destination,W,TR,21.000000,0
176,14:40:00,7243,external_origin,N,L,1.000000,0
176,14:40:00,7243,external_origin,N,TR,9.000000,0
176,14:40:00,7243,external_origin,S,L,4.000000,0
176,14:40:00,7243,external_origin,S,TR,11.000000,0
176,14:40:00,7142,internal_destination,E,L,6.000000,0
176,14:40:00,7142,internal_destination,E,T,34.000000,0
176,14:40:00,7142,internal_destination,E,R,8.000000,0
176,14:40:00,7142,external_origin,W,L,6.000000,0
176,14:40:00,7142,external_origin,W,T,44.000000,0
176,14:40:00,7142,external_origin,W,R,7.000000,0
176,14:40:00,7142,external_origin,N,L,10.000000,0
176,14:40:00,7142,external_origin,N,T,44.000000,0
176,14:40:00,7142,external_origin,N,TR,24.000000,0
176,14:40:00,7142,external_origin,S,L,7.000000,0
176,14:40:00,7142,external_origin,S,T,20.000000,0
176,14:40:00,7142,external_origin,S,TR,26.000000,0
177,14:45:00,7243,external_origin,E,L,1.000000,0
177,14:45:00,7243,external_origin,E,T,36.000000,0
177,14:45:00,7243,external_origin,E,TR,12.000000,0
177,14:45:00,7243,internal_destination,W,T,43.000000,0
177,14:45:00,7243,internal_destination,W,TR,20.000000,0
177,14:45:00,7243,external_origin,N,L,0.000000,0
177,14:45:00,7243,external_origin,N,TR,7.000000,0
177,14:45:00,7243,external_origin,S,L,3.000000,0
177,14:45:00,7243,external_origin,S,TR,8.000000,0
177,14:45:00,7142,internal_destination,E,L,4.000000,0
177,14:45:00,7142,internal_destination,E,T,30.000000,0
177,14:45:00,7142,internal_destination,E,R,8.000000,0
177,14:45:00,7142,external_origin,W,L,5.000000,0
177,14:45:00,7142,external_origin,W,T,44.000000,0
177,14:45:00,7142,external_origin,W,R,7.000000,0
177,14:45:00,7142,external_origin,N,L,10.000000,0
177,14:45:00,7142,external_origin,N,T,43.000000,0
177,14:45:00,7142,external_origin,N,TR,22.000000,0
177,14:45:00,7142,external_origin,S,L,8.000000,0
177,14:45:00,7142,external_origin,S,T,23.000000,0
177,14:45:00,7142,external_origin,S,TR,27.000000,0
178,14:50:00,7243,external_origin,E,L,2.000000,0
178,14:50:00,7243,external_origin,E,T,42.000000,0
178,14:50:00,7243,external_origin,E,TR,14.000000,0
178,14:50:00,7243,internal_destination,W,T,60.000000,0
178,14:50:00,7243,internal_destination,W,TR,28.000000,0
178,14:50:00,7243,external_origin,N,L,1.000000,0
178,14:50:00,7243,external_origin,N,TR,8.000000,0
178,14:50:00,7243,external_origin,S,L,4.000000,0
178,14:50:00,7243,external_origin,S,TR,8.000000,0
178,14:50:00,7142,internal_destination,E,L,5.000000,0
178,14:50:00,7142,internal_destination,E,T,46.000000,0
178,14:50:00,7142,internal_destination,E,R,10.000000,0
178,14:50:00,7142,external_origin,W,L,8.000000,0
178,14:50:00,7142,external_origin,W,T,62.000000,0
178,14:50:00,7142,external_origin,W,R,8.000000,0
178,14:50:00,7142,external_origin,N,L,10.000000,0
178,14:50:00,7142,external_origin,N,T,41.000000,0
178,14:50:00,7142,external_origin,N,TR,23.000000,0
178,14:50:00,7142,external_origin,S,L,6.000000,0
178,14:50:00,7142,external_origin,S,T,23.000000,0
178,14:50:00,7142,external_origin,S,TR,23.000000,0
179,14:55:00,7243,external_origin,E,L,1.000000,0
179,14:55:00,7243,external_origin,E,T,24.000000,0
179,14:55:00,7243,external_origin,E,TR,8.000000,0
179,14:55:00,7243,internal_destination,W,T,28.000000,0
179,14:55:00,7243,internal_destination,W,TR,13.000000,0
179,14:55:00,7243,external_origin,N,L,0.000000,0
179,14:55:00,7243,external_origin,N,TR,5.000000,0
179,14:55:00,7243,external_origin,S,L,2.000000,0
179,14:55:00,7243,external_origin,S,TR,5.000000,0
179,14:55:00,7142,internal_destination,E,L,4.000000,0
179,14:55:00,7142,internal_destination,E,T,39.000000,0
179,14:55:00,7142,internal_destination,E,R,9.000000,0
179,14:55:00,7142,external_origin,W,L,7.000000,0
179,14:55:00,7142,external_origin,W,T,52.000000,0
179,14:55:00,7142,external_origin,W,R,8.000000,0
179,14:55:00,7142,external_origin,N,L,9.000000,0
179,14:55:00,7142,external_origin,N,T,35.000000,0
179,14:55:00,7142,external_origin,N,TR,20.000000,0
179,14:55:00,7142,external_origin,S,L,7.000000,0
179,14:55:00,7142,external_origin,S,T,18.000000,0
179,14:55:00,7142,external_origin,S,TR,18.000000,0
180,15:00:00,7243,external_origin,E,L,2.000000,0
180,15:00:00,7243,external_origin,E,T,32.000000,0
180,15:00:00,7243,external_origin,E,TR,12.000000,0
180,15:00:00,7243,internal_destination,W,T,42.000000,0
180,15:00:00,7243,internal_destination,W,TR,20.000000,0
180,15:00:00,7243,external_origin,N,L,1.000000,0
180,15:00:00,7243,external_origin,N,TR,8.000000,0
180,15:00:00,7243,external_origin,S,L,4.000000,0
180,15:00:00,7243,external_origin,S,TR,10.000000,0
180,15:00:00,7142,internal_destination,E,L,5.000000,0
180,15:00:00,7142,internal_destination,E,T,33.000000,0
180,15:00:00,7142,internal_destination,E,R,9.000000,0
180,15:00:00,7142,external_origin,W,L,7.000000,0
180,15:00:00,7142,external_origin,W,T,51.000000,0
180,15:00:00,7142,external_origin,W,R,7.000000,0
180,15:00:00,7142,external_origin,N,L,8.000000,0
180,15:00:00,7142,external_origin,N,T,44.000000,0
180,15:00:00,7142,external_origin,N,TR,23.000000,0
180,15:00:00,7142,external_origin,S,L,8.000000,0
180,15:00:00,7142,external_origin,S,T,24.000000,0
180,15:00:00,7142,external_origin,S,TR,26.000000,0
181,15:05:00,7243,external_origin,E,L,1.000000,0
181,15:05:00,7243,external_origin,E,T,30.000000,0
181,15:05:00,7243,external_origin,E,TR,10.000000,0
181,15:05:00,7243,internal_destination,W,T,42.000000,0
181,15:05:00,7243,internal_destination,W,TR,20.000000,0
181,15:05:00,7243,external_origin,N,L,1.000000,0
181,15:05:00,7243,external_origin,N,TR,8.000000,0
181,15:05:00,7243,external_origin,S,L,3.000000,0
181,15:05:00,7243,external_origin,S,TR,9.000000,0
181,15:05:00,7142,internal_destination,E,L,6.000000,0
181,15:05:00,7142,internal_destination,E,T,28.000000,0
181,15:05:00,7142,internal_destination,E,R,10.000000,0
181,15:05:00,7142,external_origin,W,L,7.000000,0
181,15:05:00,7142,external_origin,W,T,49.000000,0
181,15:05:00,7142,external_origin,W,R,7.000000,0
181,15:05:00,7142,external_origin,N,L,11.000000,0
181,15:05:00,7142,external_origin,N,T,43.000000,0
181,15:05:00,7142,external_origin,N,TR,25.000000,0
181,15:05:00,7142,external_origin,S,L,7.000000,0
181,15:05:00,7142,external_origin,S,T,25.000000,0
181,15:05:00,7142,external_origin,S,TR,27.000000,0
182,15:10:00,7243,external_origin,E,L,1.000000,0
182,15:10:00,7243,external_origin,E,T,40.000000,0
182,15:10:00,7243,external_origin,E,TR,14.000000,0
182,15:10:00,7243,internal_destination,W,T,64.000000,0
182,15:10:00,7243,internal_destination,W,TR,29.000000,0
182,15:10:00,7243,external_origin,N,L,1.000000,0
182,15:10:00,7243,external_origin,N,TR,8.000000,0
182,15:10:00,7243,external_origin,S,L,4.000000,0
182,15:10:00,7243,external_origin,S,TR,11.000000,0
182,15:10:00,7142,internal_destination,E,L,3.000000,0
182,15:10:00,7142,internal_destination,E,T,36.000000,0
182,15:10:00,7142,internal_destination,E,R,10.000000,0
182,15:10:00,7142,external_origin,W,L,6.000000,0
182,15:10:00,7142,external_origin,W,T,63.000000,0
182,15:10:00,7142,external_origin,W,R,8.000000,0
182,15:10:00,7142,external_origin,N,L,9.000000,0
182,15:10:00,7142,external_origin,N,T,44.000000,0
182,15:10:00,7142,external_origin,N,TR,24.000000,0
182,15:10:00,7142,external_origin,S,L,7.000000,0
182,15:10:00,7142,external_origin,S,T,28.000000,0
182,15:10:00,7142,external_origin,S,TR,30.000000,0
183,15:15:00,7243,external_origin,E,L,1.000000,0
183,15:15:00,7243,external_origin,E,T,27.000000,0
183,15:15:00,7243,external_origin,E,TR,9.000000,0
183,15:15:00,7243,internal_destination,W,T,41.000000,0
183,15:15:00,7243,internal_destination,W,TR,20.000000,0
183,15:15:00,7243,external_origin,N,L,1.000000,0
183,15:15:00,7243,external_origin,N,TR,5.000000,0
183,15:15:00,7243,external_origin,S,L,1.000000,0
183,15:15:00,7243,external_origin,S,TR,7.000000,0
183,15:15:00,7142,internal_destination,E,L,5.000000,0
183,15:15:00,7142,internal_destination,E,T,32.000000,0
183,15:15:00,7142,internal_destination,E,R,9.000000,0
183,15:15:00,7142,external_origin,W,L,7.000000,0
183,15:15:00,7142,external_origin,W,T,56.000000,0
183,15:15:00,7142,external_origin,W,R,8.000000,0
183,15:15:00,7142,external_origin,N,L,9.000000,0
183,15:15:00,7142,external_origin,N,T,33.000000,0
183,15:15:00,7142,external_origin,N,TR,16.000000,0
183,15:15:00,7142,external_origin,S,L,6.000000,0
183,15:15:00,7142,external_origin,S,T,20.000000,0
183,15:15:00,7142,external_origin,S,TR,21.000000,0
184,15:20:00,7243,external_origin,E,L,1.000000,0
184,15:20:00,7243,external_origin,E,T,34.000000,0
184,15:20:00,7243,external_origin,E,TR,12.000000,0
184,15:20:00,7243,internal_destination,W,T,63.000000,0
184,15:20:00,7243,internal_destination,W,TR,30.000000,0
184,15:20:00,7243,external_origin,N,L,1.000000,0
184,15:20:00,7243,external_origin,N,TR,8.000000,0
184,15:20:00,7243,external_origin,S,L,3.000000,0
184,15:20:00,7243,external_origin,S,TR,9.000000,0
184,15:20:00,7142,internal_destination,E,L,6.000000,0
184,15:20:00,7142,internal_destination,E,T,35.000000,0
184,15:20:00,7142,internal_destination,E,R,10.000000,0
184,15:20:00,7142,external_origin,W,L,7.000000,0
184,15:20:00,7142,external_origin,W,T,72.000000,0
184,15:20:00,7142,external_origin,W,R,9.000000,0
184,15:20:00,7142,external_origin,N,L,8.000000,0
184,15:20:00,7142,external_origin,N,T,43.000000,0
184,15:20:00,7142,external_origin,N,TR,23.000000,0
184,15:20:00,7142,external_origin,S,L,6.000000,0
184,15:20:00,7142,external_origin,S,T,20.000000,0
184,15:20:00,7142,external_origin,S,TR,24.000000,0
185,15:25:00,7243,external_origin,E,L,1.000000,0
185,15:25:00,7243,external_origin,E,T,24.000000,0
185,15:25:00,7243,external_origin,E,TR,9.000000,0
185,15:25:00,7243,internal_destination,W,T,37.000000,0
185,15:25:00,7243,internal_destination,W,TR,17.000000,0
185,15:25:00,7243,external_origin,N,L,1.000000,0
185,15:25:00,7243,external_origin,N,TR,4.000000,0
185,15:25:00,7243,external_origin,S,L,3.000000,0
185,15:25:00,7243,external_origin,S,TR,7.000000,0
185,15:25:00,7142,internal_destination,E,L,4.000000,0
185,15:25:00,7142,internal_destination,E,T,30.000000,0
185,15:25:00,7142,internal_destination,E,R,8.000000,0
185,15:25:00,7142,external_origin,W,L,6.000000,0
185,15:25:00,7142,external_origin,W,T,54.000000,0
185,15:25:00,7142,external_origin,W,R,8.000000,0
185,15:25:00,7142,external_origin,N,L,10.000000,0
185,15:25:00,7142,external_origin,N,T,47.000000,0
185,15:25:00,7142,external_origin,N,TR,25.000000,0
185,15:25:00,7142,external_origin,S,L,7.000000,0
185,15:25:00,7142,external_origin,S,T,26.000000,0
185,15:25:00,7142,external_origin,S,TR,27.000000,0
186,15:30:00,7243,external_origin,E,L,1.000000,0
186,15:30:00,7243,external_origin,E,T,35.000000,0
186,15:30:00,7243,external_origin,E,TR,15.000000,0
186,15:30:00,7243,internal_destination,W,T,57.000000,0
186,15:30:00,7243,internal_destination,W,TR,26.000000,0
186,15:30:00,7243,external_origin,N,L,1.000000,0
186,15:30:00,7243,external_origin,N,TR,8.000000,0
186,15:30:00,7243,external_origin,S,L,3.000000,0
186,15:30:00,7243,external_origin,S,TR,10.000000,0
186,15:30:00,7142,internal_destination,E,L,4.000000,0
186,15:30:00,7142,internal_destination,E,T,28.000000,0
186,15:30:00,7142,internal_destination,E,R,10.000000,0
186,15:30:00,7142,external_origin,W,L,5.000000,0
186,15:30:00,7142,external_origin,W,T,51.000000,0
186,15:30:00,7142,external_origin,W,R,7.000000,0
186,15:30:00,7142,external_origin,N,L,10.000000,0
186,15:30:00,7142,external_origin,N,T,46.000000,0
186,15:30:00,7142,external_origin,N,TR,22.000000,0
186,15:30:00,7142,external_origin,S,L,7.000000,0
186,15:30:00,7142,external_origin,S,T,26.000000,0
186,15:30:00,7142,external_origin,S,TR,28.000000,0
187,15:35:00,7243,external_origin,E,L,1.000000,0
187,15:35:00,7243,external_origin,E,T,28.000000,0
187,15:35:00,7243,external_origin,E,TR,11.000000,0
187,15:35:00,7243,internal_destination,W,T,46.000000,0
187,15:35:00,7243,internal_destination,W,TR,22.000000,0
187,15:35:00,7243,external_origin,N,L,0.000000,0
187,15:35:00,7243,external_origin,N,TR,6.000000,0
187,15:35:00,7243,external_origin,S,L,2.000000,0
187,15:35:00,7243,external_origin,S,TR,7.000000,0
187,15:35:00,7142,internal_destination,E,L,4.000000,0
187,15:35:00,7142,internal_destination,E,T,36.000000,0
187,15:35:00,7142,internal_destination,E,R,11.000000,0
187,15:35:00,7142,external_origin,W,L,6.000000,0
187,15:35:00,7142,external_origin,W,T,68.000000,0
187,15:35:00,7142,external_origin,W,R,8.000000,0
187,15:35:00,7142,external_origin,N,L,8.000000,0
187,15:35:00,7142,external_origin,N,T,28.000000,0
187,15:35:00,7142,external_origin,N,TR,15.000000,0
187,15:35:00,7142,external_origin,S,L,6.000000,0
187,15:35:00,7142,external_origin,S,T,23.000000,0
187,15:35:00,7142,external_origin,S,TR,23.000000,0
188,15:40:00,7243,external_origin,E,L,2.000000,0
188,15:40:00,7243,external_origin,E,T,36.000000,0
188,15:40:00,7243,external_origin,E,TR,15.000000,0
188,15:40:00,7243,internal_destination,W,T,55.000000,0
188,15:40:00,7243,internal_destination,W,TR,28.000000,0
188,15:40:00,7243,external_origin,N,L,1.000000,0
188,15:40:00,7243,external_origin,N,TR,10.000000,0
188,15:40:00,7243,external_origin,S,L,4.000000,0
188,15:40:00,7243,external_origin,S,TR,10.000000,0
188,15:40:00,7142,internal_destination,E,L,5.000000,0
188,15:40:00,7142,internal_destination,E,T,32.000000,0
188,15:40:00,7142,internal_destination,E,R,11.000000,0
188,15:40:00,7142,external_origin,W,L,9.000000,0
188,15:40:00,7142,external_origin,W,T,66.000000,0
188,15:40:00,7142,external_origin,W,R,7.000000,0
188,15:40:00,7142,external_origin,N,L,9.000000,0
188,15:40:00,7142,external_origin,N,T,41.000000,0
188,15:40:00,7142,external_origin,N,TR,21.000000,0
188,15:40:00,7142,external_origin,S,L,7.000000,0
188,15:40:00,7142,external_origin,S,T,30.000000,0
188,15:40:00,7142,external_origin,S,TR,30.000000,0
189,15:45:00,7243,external_origin,E,L,1.000000,0
189,15:45:00,7243,external_origin,E,T,25.000000,0
189,15:45:00,7243,external_origin,E,TR,10.000000,0
189,15:45:00,7243,internal_destination,W,T,40.000000,0
189,15:45:00,7243,internal_destination,W,TR,21.000000,0
189,15:45:00,7243,external_origin,N,L,0.000000,0
189,15:45:00,7243,external_origin,N,TR,3.000000,0
189,15:45:00,7243,external_origin,S,L,1.000000,0
189,15:45:00,7243,external_origin,S,TR,4.000000,0
189,15:45:00,7142,internal_destination,E,L,4.000000,0
189,15:45:00,7142,internal_destination,E,T,34.000000,0
189,15:45:00,7142,internal_destination,E,R,10.000000,0
189,15:45:00,7142,external_origin,W,L,5.000000,0
189,15:45:00,7142,external_origin,W,T,59.000000,0
189,15:45:00,7142,external_origin,W,R,8.000000,0
189,15:45:00,7142,external_origin,N,L,13.000000,0
189,15:45:00,7142,external_origin,N,T,43.000000,0
189,15:45:00,7142,external_origin,N,TR,17.000000,0
189,15:45:00,7142,external_origin,S,L,6.000000,0
189,15:45:00,7142,external_origin,S,T,24.000000,0
189,15:45:00,7142,external_origin,S,TR,20.000000,0
190,15:50:00,7243,external_origin,E,L,2.000000,0
190,15:50:00,7243,external_origin,E,T,36.000000,0
190,15:50:00,7243,external_origin,E,TR,14.000000,0
190,15:50:00,7243,internal_destination,W,T,55.000000,0
190,15:50:00,7243,internal_destination,W,TR,29.000000,0
190,15:50:00,7243,external_origin,N,L,1.000000,0
190,15:50:00,7243,external_origin,N,TR,10.000000,0
190,15:50:00,7243,external_origin,S,L,4.000000,0
190,15:50:00,7243,external_origin,S,TR,11.000000,0
190,15:50:00,7142,internal_destination,E,L,5.000000,0
190,15:50:00,7142,internal_destination,E,T,35.000000,0
190,15:50:00,7142,internal_destination,E,R,10.000000,0
190,15:50:00,7142,external_origin,W,L,8.000000,0
190,15:50:00,7142,external_origin,W,T,62.000000,0
190,15:50:00,7142,external_origin,W,R,8.000000,0
190,15:50:00,7142,external_origin,N,L,8.000000,0
190,15:50:00,7142,external_origin,N,T,45.000000,0
190,15:50:00,7142,external_origin,N,TR,21.000000,0
190,15:50:00,7142,external_origin,S,L,6.000000,0
190,15:50:00,7142,external_origin,S,T,27.000000,0
190,15:50:00,7142,external_origin,S,TR,26.000000,0
191,15:55:00,7243,external_origin,E,L,1.000000,0
191,15:55:00,7243,external_origin,E,T,29.000000,0
191,15:55:00,7243,external_origin,E,TR,11.000000,0
191,15:55:00,7243,internal_destination,W,T,50.000000,0
191,15:55:00,7243,internal_destination,W,TR,24.000000,0
191,15:55:00,7243,external_origin,N,L,0.000000,0
191,15:55:00,7243,external_origin,N,TR,4.000000,0
191,15:55:00,7243,external_origin,S,L,2.000000,0
191,15:55:00,7243,external_origin,S,TR,6.000000,0
191,15:55:00,7142,internal_destination,E,L,3.000000,0
191,15:55:00,7142,internal_destination,E,T,32.000000,0
191,15:55:00,7142,internal_destination,E,R,11.000000,0
191,15:55:00,7142,external_origin,W,L,7.000000,0
191,15:55:00,7142,external_origin,W,T,67.000000,0
191,15:55:00,7142,external_origin,W,R,10.000000,0
191,15:55:00,7142,external_origin,N,L,12.000000,0
191,15:55:00,7142,external_origin,N,T,43.000000,0
191,15:55:00,7142,external_origin,N,TR,18.000000,0
191,15:55:00,7142,external_origin,S,L,8.000000,0
191,15:55:00,7142,external_origin,S,T,25.000000,0
191,15:55:00,7142,external_origin,S,TR,21.000000,0
192,16:00:00,7243,external_origin,E,L,1.000000,0
192,16:00:00,7243,external_origin,E,T,32.000000,0
192,16:00:00,7243,external_origin,E,TR,12.000000,0
192,16:00:00,7243,internal_destination,W,T,52.000000,0
192,16:00:00,7243,internal_destination,W,TR,26.000000,0
192,16:00:00,7243,external_origin,N,L,1.000000,0
192,16:00:00,7243,external_origin,N,TR,10.000000,0
192,16:00:00,7243,external_origin,S,L,4.000000,0
192,16:00:00,7243,external_origin,S,TR,12.000000,0
192,16:00:00,7142,internal_destination,E,L,5.000000,0
192,16:00:00,7142,internal_destination,E,T,32.000000,0
192,16:00:00,7142,internal_destination,E,R,11.000000,0
192,16:00:00,7142,external_origin,W,L,9.000000,0
192,16:00:00,7142,external_origin,W,T,58.000000,0
192,16:00:00,7142,external_origin,W,R,8.000000,0
192,16:00:00,7142,external_origin,N,L,10.000000,0
192,16:00:00,7142,external_origin,N,T,42.000000,0
192,16:00:00,7142,external_origin,N,TR,21.000000,0
192,16:00:00,7142,external_origin,S,L,7.000000,0
192,16:00:00,7142,external_origin,S,T,25.000000,0
192,16:00:00,7142,external_origin,S,TR,27.000000,0
193,16:05:00,7243,external_origin,E,L,1.000000,0
193,16:05:00,7243,external_origin,E,T,21.000000,0
193,16:05:00,7243,external_origin,E,TR,10.000000,0
193,16:05:00,7243,internal_destination,W,T,46.000000,0
193,16:05:00,7243,internal_destination,W,TR,22.000000,0
193,16:05:00,7243,external_origin,N,L,0.000000,0
193,16:05:00,7243,external_origin,N,TR,4.000000,0
193,16:05:00,7243,external_origin,S,L,1.000000,0
193,16:05:00,7243,external_origin,S,TR,5.000000,0
193,16:05:00,7142,internal_destination,E,L,4.000000,0
193,16:05:00,7142,internal_destination,E,T,32.000000,0
193,16:05:00,7142,internal_destination,E,R,11.000000,0
193,16:05:00,7142,external_origin,W,L,5.000000,0
193,16:05:00,7142,external_origin,W,T,62.000000,0
193,16:05:00,7142,external_origin,W,R,7.000000,0
193,16:05:00,7142,external_origin,N,L,13.000000,0
193,16:05:00,7142,external_origin,N,T,37.000000,0
193,16:05:00,7142,external_origin,N,TR,16.000000,0
193,16:05:00,7142,external_origin,S,L,6.000000,0
193,16:05:00,7142,external_origin,S,T,25.000000,0
193,16:05:00,7142,external_origin,S,TR,21.000000,0
194,16:10:00,7243,external_origin,E,L,2.000000,0
194,16:10:00,7243,external_origin,E,T,38.000000,0
194,16:10:00,7243,external_origin,E,TR,14.000000,0
194,16:10:00,7243,internal_destination,W,T,58.000000,0
194,16:10:00,7243,internal_destination,W,TR,30.000000,0
194,16:10:00,7243,external_origin,N,L,1.000000,0
194,16:10:00,7243,external_origin,N,TR,8.000000,0
194,16:10:00,7243,external_origin,S,L,5.000000,0
194,16:10:00,7243,external_origin,S,TR,14.000000,0
194,16:10:00,7142,internal_destination,E,L,7.000000,0
194,16:10:00,7142,internal_destination,E,T,30.000000,0
194,16:10:00,7142,internal_destination,E,R,10.000000,0
194,16:10:00,7142,external_origin,W,L,11.000000,0
194,16:10:00,7142,external_origin,W,T,65.000000,0
194,16:10:00,7142,external_origin,W,R,8.000000,0
194,16:10:00,7142,external_origin,N,L,10.000000,0
194,16:10:00,7142,external_origin,N,T,41.000000,0
194,16:10:00,7142,external_origin,N,TR,20.000000,0
194,16:10:00,7142,external_origin,S,L,8.000000,0
194,16:10:00,7142,external_origin,S,T,31.000000,0
194,16:10:00,7142,external_origin,S,TR,28.000000,0
195,16:15:00,7243,external_origin,E,L,1.000000,0
195,16:15:00,7243,external_origin,E,T,29.000000,0
195,16:15:00,7243,external_origin,E,TR,12.000000,0
195,16:15:00,7243,internal_destination,W,T,47.000000,0
195,16:15:00,7243,internal_destination,W,TR,24.000000,0
195,16:15:00,7243,external_origin,N,L,0.000000,0
195,16:15:00,7243,external_origin,N,TR,4.000000,0
195,16:15:00,7243,external_origin,S,L,2.000000,0
195,16:15:00,7243,external_origin,S,TR,6.000000,0
195,16:15:00,7142,internal_destination,E,L,4.000000,0
195,16:15:00,7142,internal_destination,E,T,29.000000,0
195,16:15:00,7142,internal_destination,E,R,10.000000,0
195,16:15:00,7142,external_origin,W,L,5.000000,0
195,16:15:00,7142,external_origin,W,T,61.000000,0
195,16:15:00,7142,external_origin,W,R,8.000000,0
195,16:15:00,7142,external_origin,N,L,12.000000,0
195,16:15:00,7142,external_origin,N,T,40.000000,0
195,16:15:00,7142,external_origin,N,TR,17.000000,0
195,16:15:00,7142,external_origin,S,L,7.000000,0
195,16:15:00,7142,external_origin,S,T,25.000000,0
195,16:15:00,7142,external_origin,S,TR,22.000000,0
196,16:20:00,7243,external_origin,E,L,2.000000,0
196,16:20:00,7243,external_origin,E,T,34.000000,0
196,16:20:00,7243,external_origin,E,TR,14.000000,0
196,16:20:00,7243,internal_destination,W,T,59.000000,0
196,16:20:00,7243,internal_destination,W,TR,30.000000,0
196,16:20:00,7243,external_origin,N,L,1.000000,0
196,16:20:00,7243,external_origin,N,TR,10.000000,0
196,16:20:00,7243,external_origin,S,L,5.000000,0
196,16:20:00,7243,external_origin,S,TR,12.000000,0
196,16:20:00,7142,internal_destination,E,L,6.000000,0
196,16:20:00,7142,internal_destination,E,T,35.000000,0
196,16:20:00,7142,internal_destination,E,R,10.000000,0
196,16:20:00,7142,external_origin,W,L,10.000000,0
196,16:20:00,7142,external_origin,W,T,71.000000,0
196,16:20:00,7142,external_origin,W,R,9.000000,0
196,16:20:00,7142,external_origin,N,L,11.000000,0
196,16:20:00,7142,external_origin,N,T,44.000000,0
196,16:20:00,7142,external_origin,N,TR,20.000000,0
196,16:20:00,7142,external_origin,S,L,7.000000,0
196,16:20:00,7142,external_origin,S,T,28.000000,0
196,16:20:00,7142,external_origin,S,TR,29.000000,0
197,16:25:00,7243,external_origin,E,L,1.000000,0
197,16:25:00,7243,external_origin,E,T,25.000000,0
197,16:25:00,7243,external_origin,E,TR,10.000000,0
197,16:25:00,7243,internal_destination,W,T,43.000000,0
197,16:25:00,7243,internal_destination,W,TR,23.000000,0
197,16:25:00,7243,external_origin,N,L,0.000000,0
197,16:25:00,7243,external_origin,N,TR,5.000000,0
197,16:25:00,7243,external_origin,S,L,2.000000,0
197,16:25:00,7243,external_origin,S,TR,6.000000,0
197,16:25:00,7142,internal_destination,E,L,3.000000,0
197,16:25:00,7142,internal_destination,E,T,33.000000,0
197,16:25:00,7142,internal_destination,E,R,11.000000,0
197,16:25:00,7142,external_origin,W,L,5.000000,0
197,16:25:00,7142,external_origin,W,T,62.000000,0
197,16:25:00,7142,external_origin,W,R,10.000000,0
197,16:25:00,7142,external_origin,N,L,12.000000,0
197,16:25:00,7142,external_origin,N,T,41.000000,0
197,16:25:00,7142,external_origin,N,TR,17.000000,0
197,16:25:00,7142,external_origin,S,L,7.000000,0
197,16:25:00,7142,external_origin,S,T,22.000000,0
197,16:25:00,7142,external_origin,S,TR,19.000000,0
198,16:30:00,7243,external_origin,E,L,1.000000,0
198,16:30:00,7243,external_origin,E,T,28.000000,0
198,16:30:00,7243,external_origin,E,TR,12.000000,0
198,16:30:00,7243,internal_destination,W,T,52.000000,0
198,16:30:00,7243,internal_destination,W,TR,26.000000,0
198,16:30:00,7243,external_origin,N,L,1.000000,0
198,16:30:00,7243,external_origin,N,TR,9.000000,0
198,16:30:00,7243,external_origin,S,L,4.000000,0
198,16:30:00,7243,external_origin,S,TR,13.000000,0
198,16:30:00,7142,internal_destination,E,L,6.000000,0
198,16:30:00,7142,internal_destination,E,T,29.000000,0
198,16:30:00,7142,internal_destination,E,R,13.000000,0
198,16:30:00,7142,external_origin,W,L,10.000000,0
198,16:30:00,7142,external_origin,W,T,61.000000,0
198,16:30:00,7142,external_origin,W,R,9.000000,0
198,16:30:00,7142,external_origin,N,L,11.000000,0
198,16:30:00,7142,external_origin,N,T,44.000000,0
198,16:30:00,7142,external_origin,N,TR,20.000000,0
198,16:30:00,7142,external_origin,S,L,7.000000,0
198,16:30:00,7142,external_origin,S,T,27.000000,0
198,16:30:00,7142,external_origin,S,TR,27.000000,0
199,16:35:00,7243,external_origin,E,L,1.000000,0
199,16:35:00,7243,external_origin,E,T,23.000000,0
199,16:35:00,7243,external_origin,E,TR,9.000000,0
199,16:35:00,7243,internal_destination,W,T,41.000000,0
199,16:35:00,7243,internal_destination,W,TR,21.000000,0
199,16:35:00,7243,external_origin,N,L,0.000000,0
199,16:35:00,7243,external_origin,N,TR,4.000000,0
199,16:35:00,7243,external_origin,S,L,2.000000,0
199,16:35:00,7243,external_origin,S,TR,5.000000,0
199,16:35:00,7142,internal_destination,E,L,4.000000,0
199,16:35:00,7142,internal_destination,E,T,33.000000,0
199,16:35:00,7142,internal_destination,E,R,13.000000,0
199,16:35:00,7142,external_origin,W,L,6.000000,0
199,16:35:00,7142,external_origin,W,T,67.000000,0
199,16:35:00,7142,external_origin,W,R,7.000000,0
199,16:35:00,7142,external_origin,N,L,12.000000,0
199,16:35:00,7142,external_origin,N,T,39.000000,0
199,16:35:00,7142,external_origin,N,TR,14.000000,0
199,16:35:00,7142,external_origin,S,L,6.000000,0
199,16:35:00,7142,external_origin,S,T,22.000000,0
199,16:35:00,7142,external_origin,S,TR,20.000000,0
200,16:40:00,7243,external_origin,E,L,2.000000,0
200,16:40:00,7243,external_origin,E,T,39.000000,0
200,16:40:00,7243,external_origin,E,TR,16.000000,0
200,16:40:00,7243,internal_destination,W,T,59.000000,0
200,16:40:00,7243,internal_destination,W,TR,31.000000,0
200,16:40:00,7243,external_origin,N,L,1.000000,0
200,16:40:00,7243,external_origin,N,TR,10.000000,0
200,16:40:00,7243,external_origin,S,L,6.000000,0
200,16:40:00,7243,external_origin,S,TR,14.000000,0
200,16:40:00,7142,internal_destination,E,L,6.000000,0
200,16:40:00,7142,internal_destination,E,T,32.000000,0
200,16:40:00,7142,internal_destination,E,R,12.000000,0
200,16:40:00,7142,external_origin,W,L,10.000000,0
200,16:40:00,7142,external_origin,W,T,69.000000,0
200,16:40:00,7142,external_origin,W,R,8.000000,0
200,16:40:00,7142,external_origin,N,L,10.000000,0
200,16:40:00,7142,external_origin,N,T,46.000000,0
200,16:40:00,7142,external_origin,N,TR,20.000000,0
200,16:40:00,7142,external_origin,S,L,7.000000,0
200,16:40:00,7142,external_origin,S,T,31.000000,0
200,16:40:00,7142,external_origin,S,TR,28.000000,0
201,16:45:00,7243,external_origin,E,L,1.000000,0
201,16:45:00,7243,external_origin,E,T,21.000000,0
201,16:45:00,7243,external_origin,E,TR,9.000000,0
201,16:45:00,7243,internal_destination,W,T,41.000000,0
201,16:45:00,7243,internal_destination,W,TR,21.000000,0
201,16:45:00,7243,external_origin,N,L,0.000000,0
201,16:45:00,7243,external_origin,N,TR,3.000000,0
201,16:45:00,7243,external_origin,S,L,1.000000,0
201,16:45:00,7243,external_origin,S,TR,4.000000,0
201,16:45:00,7142,internal_destination,E,L,4.000000,0
201,16:45:00,7142,internal_destination,E,T,32.000000,0
201,16:45:00,7142,internal_destination,E,R,11.000000,0
201,16:45:00,7142,external_origin,W,L,4.000000,0
201,16:45:00,7142,external_origin,W,T,55.000000,0
201,16:45:00,7142,external_origin,W,R,7.000000,0
201,16:45:00,7142,external_origin,N,L,13.000000,0
201,16:45:00,7142,external_origin,N,T,40.000000,0
201,16:45:00,7142,external_origin,N,TR,18.000000,0
201,16:45:00,7142,external_origin,S,L,6.000000,0
201,16:45:00,7142,external_origin,S,T,24.000000,0
201,16:45:00,7142,external_origin,S,TR,19.000000,0
202,16:50:00,7243,external_origin,E,L,2.000000,0
202,16:50:00,7243,external_origin,E,T,35.000000,0
202,16:50:00,7243,external_origin,E,TR,16.000000,0
202,16:50:00,7243,internal_destination,W,T,58.000000,0
202,16:50:00,7243,internal_destination,W,TR,31.000000,0
202,16:50:00,7243,external_origin,N,L,1.000000,0
202,16:50:00,7243,external_origin,N,TR,12.000000,0
202,16:50:00,7243,external_origin,S,L,5.000000,0
202,16:50:00,7243,external_origin,S,TR,13.000000,0
202,16:50:00,7142,internal_destination,E,L,6.000000,0
202,16:50:00,7142,internal_destination,E,T,35.000000,0
202,16:50:00,7142,internal_destination,E,R,12.000000,0
202,16:50:00,7142,external_origin,W,L,9.000000,0
202,16:50:00,7142,external_origin,W,T,70.000000,0
202,16:50:00,7142,external_origin,W,R,9.000000,0
202,16:50:00,7142,external_origin,N,L,11.000000,0
202,16:50:00,7142,external_origin,N,T,46.000000,0
202,16:50:00,7142,external_origin,N,TR,20.000000,0
202,16:50:00,7142,external_origin,S,L,9.000000,0
202,16:50:00,7142,external_origin,S,T,30.000000,0
202,16:50:00,7142,external_origin,S,TR,28.000000,0
203,16:55:00,7243,external_origin,E,L,2.000000,0
203,16:55:00,7243,external_origin,E,T,27.000000,0
203,16:55:00,7243,external_origin,E,TR,9.000000,0
203,16:55:00,7243,internal_destination,W,T,40.000000,0
203,16:55:00,7243,internal_destination,W,TR,21.000000,0
203,16:55:00,7243,external_origin,N,L,0.000000,0
203,16:55:00,7243,external_origin,N,TR,2.000000,0
203,16:55:00,7243,external_origin,S,L,2.000000,0
203,16:55:00,7243,external_origin,S,TR,4.000000,0
203,16:55:00,7142,internal_destination,E,L,3.000000,0
203,16:55:00,7142,internal_destination,E,T,29.000000,0
203,16:55:00,7142,internal_destination,E,R,12.000000,0
203,16:55:00,7142,external_origin,W,L,4.000000,0
203,16:55:00,7142,external_origin,W,T,62.000000,0
203,16:55:00,7142,external_origin,W,R,8.000000,0
203,16:55:00,7142,external_origin,N,L,14.000000,0
203,16:55:00,7142,external_origin,N,T,42.000000,0
203,16:55:00,7142,external_origin,N,TR,17.000000,0
203,16:55:00,7142,external_origin,S,L,7.000000,0
203,16:55:00,7142,external_origin,S,T,24.000000,0
203,16:55:00,7142,external_origin,S,TR,18.000000,0
204,17:00:00,7243,external_origin,E,L,3.000000,1
204,17:00:00,7243,external_origin,E,T,33.000000,1
204,17:00:00,7243,external_origin,E,TR,14.000000,1
204,17:00:00,7243,internal_destination,W,T,54.000000,1
204,17:00:00,7243,internal_destination,W,TR,28.000000,1
204,17:00:00,7243,external_origin,N,L,2.000000,1
204,17:00:00,7243,external_origin,N,TR,13.000000,1
204,17:00:00,7243,external_origin,S,L,5.000000,1
204,17:00:00,7243,external_origin,S,TR,17.000000,1
204,17:00:00,7142,internal_destination,E,L,6.000000,1
204,17:00:00,7142,internal_destination,E,T,35.000000,1
204,17:00:00,7142,internal_destination,E,R,14.000000,1
204,17:00:00,7142,external_origin,W,L,10.000000,1
204,17:00:00,7142,external_origin,W,T,65.000000,1
204,17:00:00,7142,external_origin,W,R,9.000000,1
204,17:00:00,7142,external_origin,N,L,11.000000,1
204,17:00:00,7142,external_origin,N,T,47.000000,1
204,17:00:00,7142,external_origin,N,TR,20.000000,1
204,17:00:00,7142,external_origin,S,L,9.000000,1
204,17:00:00,7142,external_origin,S,T,30.000000,1
204,17:00:00,7142,external_origin,S,TR,27.000000,1
205,17:05:00,7243,external_origin,E,L,2.000000,1
205,17:05:00,7243,external_origin,E,T,23.000000,1
205,17:05:00,7243,external_origin,E,TR,11.000000,1
205,17:05:00,7243,internal_destination,W,T,45.000000,1
205,17:05:00,7243,internal_destination,W,TR,22.000000,1
205,17:05:00,7243,external_origin,N,L,0.000000,1
205,17:05:00,7243,external_origin,N,TR,5.000000,1
205,17:05:00,7243,external_origin,S,L,1.000000,1
205,17:05:00,7243,external_origin,S,TR,6.000000,1
205,17:05:00,7142,internal_destination,E,L,3.000000,1
205,17:05:00,7142,internal_destination,E,T,35.000000,1
205,17:05:00,7142,internal_destination,E,R,17.000000,1
205,17:05:00,7142,external_origin,W,L,5.000000,1
205,17:05:00,7142,external_origin,W,T,58.000000,1
205,17:05:00,7142,external_origin,W,R,9.000000,1
205,17:05:00,7142,external_origin,N,L,13.000000,1
205,17:05:00,7142,external_origin,N,T,41.000000,1
205,17:05:00,7142,external_origin,N,TR,16.000000,1
205,17:05:00,7142,external_origin,S,L,8.000000,1
205,17:05:00,7142,external_origin,S,T,23.000000,1
205,17:05:00,7142,external_origin,S,TR,19.000000,1
206,17:10:00,7243,external_origin,E,L,2.000000,1
206,17:10:00,7243,external_origin,E,T,42.000000,1
206,17:10:00,7243,external_origin,E,TR,19.000000,1
206,17:10:00,7243,internal_destination,W,T,62.000000,1
206,17:10:00,7243,internal_destination,W,TR,33.000000,1
206,17:10:00,7243,external_origin,N,L,2.000000,1
206,17:10:00,7243,external_origin,N,TR,14.000000,1
206,17:10:00,7243,external_origin,S,L,6.000000,1
206,17:10:00,7243,external_origin,S,TR,21.000000,1
206,17:10:00,7142,internal_destination,E,L,6.000000,1
206,17:10:00,7142,internal_destination,E,T,32.000000,1
206,17:10:00,7142,internal_destination,E,R,13.000000,1
206,17:10:00,7142,external_origin,W,L,12.000000,1
206,17:10:00,7142,external_origin,W,T,73.000000,1
206,17:10:00,7142,external_origin,W,R,9.000000,1
206,17:10:00,7142,external_origin,N,L,10.000000,1
206,17:10:00,7142,external_origin,N,T,51.000000,1
206,17:10:00,7142,external_origin,N,TR,22.000000,1
206,17:10:00,7142,external_origin,S,L,8.000000,1
206,17:10:00,7142,external_origin,S,T,32.000000,1
206,17:10:00,7142,external_origin,S,TR,27.000000,1
207,17:15:00,7243,external_origin,E,L,2.000000,1
207,17:15:00,7243,external_origin,E,T,31.000000,1
207,17:15:00,7243,external_origin,E,TR,13.000000,1
207,17:15:00,7243,internal_destination,W,T,49.000000,1
207,17:15:00,7243,internal_destination,W,TR,26.000000,1
207,17:15:00,7243,external_origin,N,L,0.000000,1
207,17:15:00,7243,external_origin,N,TR,5.000000,1
207,17:15:00,7243,external_origin,S,L,3.000000,1
207,17:15:00,7243,external_origin,S,TR,8.000000,1
207,17:15:00,7142,internal_destination,E,L,3.000000,1
207,17:15:00,7142,internal_destination,E,T,38.000000,1
207,17:15:00,7142,internal_destination,E,R,15.000000,1
207,17:15:00,7142,external_origin,W,L,5.000000,1
207,17:15:00,7142,external_origin,W,T,59.000000,1
207,17:15:00,7142,external_origin,W,R,9.000000,1
207,17:15:00,7142,external_origin,N,L,12.000000,1
207,17:15:00,7142,external_origin,N,T,45.000000,1
207,17:15:00,7142,external_origin,N,TR,18.000000,1
207,17:15:00,7142,external_origin,S,L,8.000000,1
207,17:15:00,7142,external_origin,S,T,26.000000,1
207,17:15:00,7142,external_origin,S,TR,20.000000,1
208,17:20:00,7243,external_origin,E,L,2.000000,1
208,17:20:00,7243,external_origin,E,T,35.000000,1
208,17:20:00,7243,external_origin,E,TR,17.000000,1
208,17:20:00,7243,internal_destination,W,T,55.000000,1
208,17:20:00,7243,internal_destination,W,TR,32.000000,1
208,17:20:00,7243,external_origin,N,L,2.000000,1
208,17:20:00,7243,external_origin,N,TR,11.000000,1
208,17:20:00,7243,external_origin,S,L,6.000000,1
208,17:20:00,7243,external_origin,S,TR,18.000000,1
208,17:20:00,7142,internal_destination,E,L,7.000000,1
208,17:20:00,7142,internal_destination,E,T,37.000000,1
208,17:20:00,7142,internal_destination,E,R,14.000000,1
208,17:20:00,7142,external_origin,W,L,9.000000,1
208,17:20:00,7142,external_origin,W,T,68.000000,1
208,17:20:00,7142,external_origin,W,R,8.000000,1
208,17:20:00,7142,external_origin,N,L,10.000000,1
208,17:20:00,7142,external_origin,N,T,50.000000,1
208,17:20:00,7142,external_origin,N,TR,23.000000,1
208,17:20:00,7142,external_origin,S,L,8.000000,1
208,17:20:00,7142,external_origin,S,T,35.000000,1
208,17:20:00,7142,external_origin,S,TR,28.000000,1
209,17:25:00,7243,external_origin,E,L,2.000000,1
209,17:25:00,7243,external_origin,E,T,24.000000,1
209,17:25:00,7243,external_origin,E,TR,10.000000,1
209,17:25:00,7243,internal_destination,W,T,38.000000,1
209,17:25:00,7243,internal_destination,W,TR,21.000000,1
209,17:25:00,7243,external_origin,N,L,0.000000,1
209,17:25:00,7243,external_origin,N,TR,3.000000,1
209,17:25:00,7243,external_origin,S,L,2.000000,1
209,17:25:00,7243,external_origin,S,TR,5.000000,1
209,17:25:00,7142,internal_destination,E,L,3.000000,1
209,17:25:00,7142,internal_destination,E,T,35.000000,1
209,17:25:00,7142,internal_destination,E,R,11.000000,1
209,17:25:00,7142,external_origin,W,L,6.000000,1
209,17:25:00,7142,external_origin,W,T,64.000000,1
209,17:25:00,7142,external_origin,W,R,9.000000,1
209,17:25:00,7142,external_origin,N,L,14.000000,1
209,17:25:00,7142,external_origin,N,T,45.000000,1
209,17:25:00,7142,external_origin,N,TR,18.000000,1
209,17:25:00,7142,external_origin,S,L,8.000000,1
209,17:25:00,7142,external_origin,S,T,26.000000,1
209,17:25:00,7142,external_origin,S,TR,20.000000,1
210,17:30:00,7243,external_origin,E,L,2.000000,1
210,17:30:00,7243,external_origin,E,T,34.000000,1
210,17:30:00,7243,external_origin,E,TR,16.000000,1
210,17:30:00,7243,internal_destination,W,T,45.000000,1
210,17:30:00,7243,internal_destination,W,TR,23.000000,1
210,17:30:00,7243,external_origin,N,L,1.000000,1
210,17:30:00,7243,external_origin,N,TR,10.000000,1
210,17:30:00,7243,external_origin,S,L,5.000000,1
210,17:30:00,7243,external_origin,S,TR,17.000000,1
210,17:30:00,7142,internal_destination,E,L,7.000000,1
210,17:30:00,7142,internal_destination,E,T,35.000000,1
210,17:30:00,7142,internal_destination,E,R,12.000000,1
210,17:30:00,7142,external_origin,W,L,9.000000,1
210,17:30:00,7142,external_origin,W,T,61.000000,1
210,17:30:00,7142,external_origin,W,R,8.000000,1
210,17:30:00,7142,external_origin,N,L,10.000000,1
210,17:30:00,7142,external_origin,N,T,46.000000,1
210,17:30:00,7142,external_origin,N,TR,22.000000,1
210,17:30:00,7142,external_origin,S,L,8.000000,1
210,17:30:00,7142,external_origin,S,T,32.000000,1
210,17:30:00,7142,external_origin,S,TR,28.000000,1
211,17:35:00,7243,external_origin,E,L,2.000000,1
211,17:35:00,7243,external_origin,E,T,36.000000,1
211,17:35:00,7243,external_origin,E,TR,13.000000,1
211,17:35:00,7243,internal_destination,W,T,47.000000,1
211,17:35:00,7243,internal_destination,W,TR,23.000000,1
211,17:35:00,7243,external_origin,N,L,0.000000,1
211,17:35:00,7243,external_origin,N,TR,5.000000,1
211,17:35:00,7243,external_origin,S,L,3.000000,1
211,17:35:00,7243,external_origin,S,TR,6.000000,1
211,17:35:00,7142,internal_destination,E,L,4.000000,1
211,17:35:00,7142,internal_destination,E,T,41.000000,1
211,17:35:00,7142,internal_destination,E,R,14.000000,1
211,17:35:00,7142,external_origin,W,L,5.000000,1
211,17:35:00,7142,external_origin,W,T,61.000000,1
211,17:35:00,7142,external_origin,W,R,9.000000,1
211,17:35:00,7142,external_origin,N,L,13.000000,1
211,17:35:00,7142,external_origin,N,T,44.000000,1
211,17:35:00,7142,external_origin,N,TR,17.000000,1
211,17:35:00,7142,external_origin,S,L,8.000000,1
211,17:35:00,7142,external_origin,S,T,24.000000,1
211,17:35:00,7142,external_origin,S,TR,20.000000,1
212,17:40:00,7243,external_origin,E,L,3.000000,1
212,17:40:00,7243,external_origin,E,T,37.000000,1
212,17:40:00,7243,external_origin,E,TR,15.000000,1
212,17:40:00,7243,internal_destination,W,T,52.000000,1
212,17:40:00,7243,internal_destination,W,TR,30.000000,1
212,17:40:00,7243,external_origin,N,L,1.000000,1
212,17:40:00,7243,external_origin,N,TR,11.000000,1
212,17:40:00,7243,external_origin,S,L,7.000000,1
212,17:40:00,7243,external_origin,S,TR,15.000000,1
212,17:40:00,7142,internal_destination,E,L,6.000000,1
212,17:40:00,7142,internal_destination,E,T,31.000000,1
212,17:40:00,7142,internal_destination,E,R,11.000000,1
212,17:40:00,7142,external_origin,W,L,10.000000,1
212,17:40:00,7142,external_origin,W,T,63.000000,1
212,17:40:00,7142,external_origin,W,R,10.000000,1
212,17:40:00,7142,external_origin,N,L,10.000000,1
212,17:40:00,7142,external_origin,N,T,47.000000,1
212,17:40:00,7142,external_origin,N,TR,22.000000,1
212,17:40:00,7142,external_origin,S,L,9.000000,1
212,17:40:00,7142,external_origin,S,T,31.000000,1
212,17:40:00,7142,external_origin,S,TR,27.000000,1
213,17:45:00,7243,external_origin,E,L,3.000000,1
213,17:45:00,7243,external_origin,E,T,40.000000,1
213,17:45:00,7243,external_origin,E,TR,15.000000,1
213,17:45:00,7243,internal_destination,W,T,44.000000,1
213,17:45:00,7243,internal_destination,W,TR,23.000000,1
213,17:45:00,7243,external_origin,N,L,0.000000,1
213,17:45:00,7243,external_origin,N,TR,5.000000,1
213,17:45:00,7243,external_origin,S,L,3.000000,1
213,17:45:00,7243,external_origin,S,TR,7.000000,1
213,17:45:00,7142,internal_destination,E,L,5.000000,1
213,17:45:00,7142,internal_destination,E,T,32.000000,1
213,17:45:00,7142,internal_destination,E,R,13.000000,1
213,17:45:00,7142,external_origin,W,L,4.000000,1
213,17:45:00,7142,external_origin,W,T,49.000000,1
213,17:45:00,7142,external_origin,W,R,9.000000,1
213,17:45:00,7142,external_origin,N,L,14.000000,1
213,17:45:00,7142,external_origin,N,T,47.000000,1
213,17:45:00,7142,external_origin,N,TR,19.000000,1
213,17:45:00,7142,external_origin,S,L,9.000000,1
213,17:45:00,7142,external_origin,S,T,25.000000,1
213,17:45:00,7142,external_origin,S,TR,20.000000,1
214,17:50:00,7243,external_origin,E,L,3.000000,1
214,17:50:00,7243,external_origin,E,T,36.000000,1
214,17:50:00,7243,external_origin,E,TR,13.000000,1
214,17:50:00,7243,internal_destination,W,T,51.000000,1
214,17:50:00,7243,internal_destination,W,TR,27.000000,1
214,17:50:00,7243,external_origin,N,L,1.000000,1
214,17:50:00,7243,external_origin,N,TR,11.000000,1
214,17:50:00,7243,external_origin,S,L,6.000000,1
214,17:50:00,7243,external_origin,S,TR,12.000000,1
214,17:50:00,7142,internal_destination,E,L,6.000000,1
214,17:50:00,7142,internal_destination,E,T,42.000000,1
214,17:50:00,7142,internal_destination,E,R,12.000000,1
214,17:50:00,7142,external_origin,W,L,8.000000,1
214,17:50:00,7142,external_origin,W,T,59.000000,1
214,17:50:00,7142,external_origin,W,R,10.000000,1
214,17:50:00,7142,external_origin,N,L,12.000000,1
214,17:50:00,7142,external_origin,N,T,50.000000,1
214,17:50:00,7142,external_origin,N,TR,22.000000,1
214,17:50:00,7142,external_origin,S,L,9.000000,1
214,17:50:00,7142,external_origin,S,T,29.000000,1
214,17:50:00,7142,external_origin,S,TR,26.000000,1
215,17:55:00,7243,external_origin,E,L,3.000000,1
215,17:55:00,7243,external_origin,E,T,24.000000,1
215,17:55:00,7243,external_origin,E,TR,11.000000,1
215,17:55:00,7243,internal_destination,W,T,37.000000,1
215,17:55:00,7243,internal_destination,W,TR,17.000000,1
215,17:55:00,7243,external_origin,N,L,0.000000,1
215,17:55:00,7243,external_origin,N,TR,3.000000,1
215,17:55:00,7243,external_origin,S,L,2.000000,1
215,17:55:00,7243,external_origin,S,TR,5.000000,1
215,17:55:00,7142,internal_destination,E,L,4.000000,1
215,17:55:00,7142,internal_destination,E,T,29.000000,1
215,17:55:00,7142,internal_destination,E,R,9.000000,1
215,17:55:00,7142,external_origin,W,L,5.000000,1
215,17:55:00,7142,external_origin,W,T,50.000000,1
215,17:55:00,7142,external_origin,W,R,10.000000,1
215,17:55:00,7142,external_origin,N,L,14.000000,1
215,17:55:00,7142,external_origin,N,T,48.000000,1
215,17:55:00,7142,external_origin,N,TR,19.000000,1
215,17:55:00,7142,external_origin,S,L,9.000000,1
215,17:55:00,7142,external_origin,S,T,23.000000,1
215,17:55:00,7142,external_origin,S,TR,21.000000,1
216,18:00:00,7243,external_origin,E,L,3.000000,0
216,18:00:00,7243,external_origin,E,T,32.000000,0
216,18:00:00,7243,external_origin,E,TR,12.000000,0
216,18:00:00,7243,internal_destination,W,T,39.000000,0
216,18:00:00,7243,internal_destination,W,TR,22.000000,0
216,18:00:00,7243,external_origin,N,L,1.000000,0
216,18:00:00,7243,external_origin,N,TR,10.000000,0
216,18:00:00,7243,external_origin,S,L,6.000000,0
216,18:00:00,7243,external_origin,S,TR,13.000000,0
216,18:00:00,7142,internal_destination,E,L,6.000000,0
216,18:00:00,7142,internal_destination,E,T,29.000000,0
216,18:00:00,7142,internal_destination,E,R,10.000000,0
216,18:00:00,7142,external_origin,W,L,8.000000,0
216,18:00:00,7142,external_origin,W,T,50.000000,0
216,18:00:00,7142,external_origin,W,R,9.000000,0
216,18:00:00,7142,external_origin,N,L,10.000000,0
216,18:00:00,7142,external_origin,N,T,45.000000,0
216,18:00:00,7142,external_origin,N,TR,22.000000,0
216,18:00:00,7142,external_origin,S,L,9.000000,0
216,18:00:00,7142,external_origin,S,T,24.000000,0
216,18:00:00,7142,external_origin,S,TR,25.000000,0
217,18:05:00,7243,external_origin,E,L,3.000000,0
217,18:05:00,7243,external_origin,E,T,26.000000,0
217,18:05:00,7243,external_origin,E,TR,9.000000,0
217,18:05:00,7243,internal_destination,W,T,38.000000,0
217,18:05:00,7243,internal_destination,W,TR,22.000000,0
217,18:05:00,7243,external_origin,N,L,0.000000,0
217,18:05:00,7243,external_origin,N,TR,4.000000,0
217,18:05:00,7243,external_origin,S,L,2.000000,0
217,18:05:00,7243,external_origin,S,TR,7.000000,0
217,18:05:00,7142,internal_destination,E,L,5.000000,0
217,18:05:00,7142,internal_destination,E,T,31.000000,0
217,18:05:00,7142,internal_destination,E,R,11.000000,0
217,18:05:00,7142,external_origin,W,L,5.000000,0
217,18:05:00,7142,external_origin,W,T,47.000000,0
217,18:05:00,7142,external_origin,W,R,9.000000,0
217,18:05:00,7142,external_origin,N,L,16.000000,0
217,18:05:00,7142,external_origin,N,T,47.000000,0
217,18:05:00,7142,external_origin,N,TR,21.000000,0
217,18:05:00,7142,external_origin,S,L,8.000000,0
217,18:05:00,7142,external_origin,S,T,23.000000,0
217,18:05:00,7142,external_origin,S,TR,21.000000,0
218,18:10:00,7243,external_origin,E,L,3.000000,0
218,18:10:00,7243,external_origin,E,T,33.000000,0
218,18:10:00,7243,external_origin,E,TR,13.000000,0
218,18:10:00,7243,internal_destination,W,T,41.000000,0
218,18:10:00,7243,internal_destination,W,TR,23.000000,0
218,18:10:00,7243,external_origin,N,L,1.000000,0
218,18:10:00,7243,external_origin,N,TR,10.000000,0
218,18:10:00,7243,external_origin,S,L,7.000000,0
218,18:10:00,7243,external_origin,S,TR,13.000000,0
218,18:10:00,7142,internal_destination,E,L,6.000000,0
218,18:10:00,7142,internal_destination,E,T,26.000000,0
218,18:10:00,7142,internal_destination,E,R,9.000000,0
218,18:10:00,7142,external_origin,W,L,8.000000,0
218,18:10:00,7142,external_origin,W,T,50.000000,0
218,18:10:00,7142,external_origin,W,R,10.000000,0
218,18:10:00,7142,external_origin,N,L,11.000000,0
218,18:10:00,7142,external_origin,N,T,44.000000,0
218,18:10:00,7142,external_origin,N,TR,22.000000,0
218,18:10:00,7142,external_origin,S,L,9.000000,0
218,18:10:00,7142,external_origin,S,T,25.000000,0
218,18:10:00,7142,external_origin,S,TR,25.000000,0
219,18:15:00,7243,external_origin,E,L,2.000000,0
219,18:15:00,7243,external_origin,E,T,29.000000,0
219,18:15:00,7243,external_origin,E,TR,12.000000,0
219,18:15:00,7243,internal_destination,W,T,44.000000,0
219,18:15:00,7243,internal_destination,W,TR,23.000000,0
219,18:15:00,7243,external_origin,N,L,0.000000,0
219,18:15:00,7243,external_origin,N,TR,5.000000,0
219,18:15:00,7243,external_origin,S,L,3.000000,0
219,18:15:00,7243,external_origin,S,TR,7.000000,0
219,18:15:00,7142,internal_destination,E,L,4.000000,0
219,18:15:00,7142,internal_destination,E,T,31.000000,0
219,18:15:00,7142,internal_destination,E,R,10.000000,0
219,18:15:00,7142,external_origin,W,L,5.000000,0
219,18:15:00,7142,external_origin,W,T,44.000000,0
219,18:15:00,7142,external_origin,W,R,9.000000,0
219,18:15:00,7142,external_origin,N,L,14.000000,0
219,18:15:00,7142,external_origin,N,T,46.000000,0
219,18:15:00,7142,external_origin,N,TR,19.000000,0
219,18:15:00,7142,external_origin,S,L,9.000000,0
219,18:15:00,7142,external_origin,S,T,26.000000,0
219,18:15:00,7142,external_origin,S,TR,22.000000,0
220,18:20:00,7243,external_origin,E,L,3.000000,0
220,18:20:00,7243,external_origin,E,T,33.000000,0
220,18:20:00,7243,external_origin,E,TR,13.000000,0
220,18:20:00,7243,internal_destination,W,T,45.000000,0
220,18:20:00,7243,internal_destination,W,TR,26.000000,0
220,18:20:00,7243,external_origin,N,L,1.000000,0
220,18:20:00,7243,external_origin,N,TR,11.000000,0
220,18:20:00,7243,external_origin,S,L,6.000000,0
220,18:20:00,7243,external_origin,S,TR,13.000000,0
220,18:20:00,7142,internal_destination,E,L,7.000000,0
220,18:20:00,7142,internal_destination,E,T,35.000000,0
220,18:20:00,7142,internal_destination,E,R,10.000000,0
220,18:20:00,7142,external_origin,W,L,8.000000,0
220,18:20:00,7142,external_origin,W,T,51.000000,0
220,18:20:00,7142,external_origin,W,R,10.000000,0
220,18:20:00,7142,external_origin,N,L,12.000000,0
220,18:20:00,7142,external_origin,N,T,46.000000,0
220,18:20:00,7142,external_origin,N,TR,22.000000,0
220,18:20:00,7142,external_origin,S,L,8.000000,0
220,18:20:00,7142,external_origin,S,T,24.000000,0
220,18:20:00,7142,external_origin,S,TR,25.000000,0
221,18:25:00,7243,external_origin,E,L,2.000000,0
221,18:25:00,7243,external_origin,E,T,28.000000,0
221,18:25:00,7243,external_origin,E,TR,11.000000,0
221,18:25:00,7243,internal_destination,W,T,37.000000,0
221,18:25:00,7243,internal_destination,W,TR,22.000000,0
221,18:25:00,7243,external_origin,N,L,1.000000,0
221,18:25:00,7243,external_origin,N,TR,5.000000,0
221,18:25:00,7243,external_origin,S,L,3.000000,0
221,18:25:00,7243,external_origin,S,TR,6.000000,0
221,18:25:00,7142,internal_destination,E,L,4.000000,0
221,18:25:00,7142,internal_destination,E,T,29.000000,0
221,18:25:00,7142,internal_destination,E,R,8.000000,0
221,18:25:00,7142,external_origin,W,L,5.000000,0
221,18:25:00,7142,external_origin,W,T,42.000000,0
221,18:25:00,7142,external_origin,W,R,10.000000,0
221,18:25:00,7142,external_origin,N,L,12.000000,0
221,18:25:00,7142,external_origin,N,T,43.000000,0
221,18:25:00,7142,external_origin,N,TR,19.000000,0
221,18:25:00,7142,external_origin,S,L,8.000000,0
221,18:25:00,7142,external_origin,S,T,22.000000,0
221,18:25:00,7142,external_origin,S,TR,22.000000,0
222,18:30:00,7243,external_origin,E,L,3.000000,0
222,18:30:00,7243,external_origin,E,T,38.000000,0
222,18:30:00,7243,external_origin,E,TR,13.000000,0
222,18:30:00,7243,internal_destination,W,T,40.000000,0
222,18:30:00,7243,internal_destination,W,TR,21.000000,0
222,18:30:00,7243,external_origin,N,L,1.000000,0
222,18:30:00,7243,external_origin,N,TR,7.000000,0
222,18:30:00,7243,external_origin,S,L,5.000000,0
222,18:30:00,7243,external_origin,S,TR,10.000000,0
222,18:30:00,7142,internal_destination,E,L,6.000000,0
222,18:30:00,7142,internal_destination,E,T,33.000000,0
222,18:30:00,7142,internal_destination,E,R,8.000000,0
222,18:30:00,7142,external_origin,W,L,4.000000,0
222,18:30:00,7142,external_origin,W,T,39.000000,0
222,18:30:00,7142,external_origin,W,R,9.000000,0
222,18:30:00,7142,external_origin,N,L,11.000000,0
222,18:30:00,7142,external_origin,N,T,47.000000,0
222,18:30:00,7142,external_origin,N,TR,22.000000,0
222,18:30:00,7142,external_origin,S,L,7.000000,0
222,18:30:00,7142,external_origin,S,T,21.000000,0
222,18:30:00,7142,external_origin,S,TR,23.000000,0
223,18:35:00,7243,external_origin,E,L,2.000000,0
223,18:35:00,7243,external_origin,E,T,27.000000,0
223,18:35:00,7243,external_origin,E,TR,10.000000,0
223,18:35:00,7243,internal_destination,W,T,35.000000,0
223,18:35:00,7243,internal_destination,W,TR,18.000000,0
223,18:35:00,7243,external_origin,N,L,1.000000,0
223,18:35:00,7243,external_origin,N,TR,6.000000,0
223,18:35:00,7243,external_origin,S,L,4.000000,0
223,18:35:00,7243,external_origin,S,TR,8.000000,0
223,18:35:00,7142,internal_destination,E,L,6.000000,0
223,18:35:00,7142,internal_destination,E,T,27.000000,0
223,18:35:00,7142,internal_destination,E,R,8.000000,0
223,18:35:00,7142,external_origin,W,L,5.000000,0
223,18:35:00,7142,external_origin,W,T,48.000000,0
223,18:35:00,7142,external_origin,W,R,8.000000,0
223,18:35:00,7142,external_origin,N,L,10.000000,0
223,18:35:00,7142,external_origin,N,T,43.000000,0
223,18:35:00,7142,external_origin,N,TR,21.000000,0
223,18:35:00,7142,external_origin,S,L,8.000000,0
223,18:35:00,7142,external_origin,S,T,19.000000,0
223,18:35:00,7142,external_origin,S,TR,21.000000,0
224,18:40:00,7243,external_origin,E,L,4.000000,0
224,18:40:00,7243,external_origin,E,T,42.000000,0
224,18:40:00,7243,external_origin,E,TR,14.000000,0
224,18:40:00,7243,internal_destination,W,T,45.000000,0
224,18:40:00,7243,internal_destination,W,TR,28.000000,0
224,18:40:00,7243,external_origin,N,L,1.000000,0
224,18:40:00,7243,external_origin,N,TR,9.000000,0
224,18:40:00,7243,external_origin,S,L,5.000000,0
224,18:40:00,7243,external_origin,S,TR,11.000000,0
224,18:40:00,7142,internal_destination,E,L,6.000000,0
224,18:40:00,7142,internal_destination,E,T,33.000000,0
224,18:40:00,7142,internal_destination,E,R,9.000000,0
224,18:40:00,7142,external_origin,W,L,6.000000,0
224,18:40:00,7142,external_origin,W,T,48.000000,0
224,18:40:00,7142,external_origin,W,R,10.000000,0
224,18:40:00,7142,external_origin,N,L,10.000000,0
224,18:40:00,7142,external_origin,N,T,45.000000,0
224,18:40:00,7142,external_origin,N,TR,22.000000,0
224,18:40:00,7142,external_origin,S,L,7.000000,0
224,18:40:00,7142,external_origin,S,T,19.000000,0
224,18:40:00,7142,external_origin,S,TR,20.000000,0
225,18:45:00,7243,external_origin,E,L,2.000000,0
225,18:45:00,7243,external_origin,E,T,19.000000,0
225,18:45:00,7243,external_origin,E,TR,7.000000,0
225,18:45:00,7243,internal_destination,W,T,25.000000,0
225,18:45:00,7243,internal_destination,W,TR,15.000000,0
225,18:45:00,7243,external_origin,N,L,0.000000,0
225,18:45:00,7243,external_origin,N,TR,5.000000,0
225,18:45:00,7243,external_origin,S,L,4.000000,0
225,18:45:00,7243,external_origin,S,TR,8.000000,0
225,18:45:00,7142,internal_destination,E,L,6.000000,0
225,18:45:00,7142,internal_destination,E,T,30.000000,0
225,18:45:00,7142,internal_destination,E,R,8.000000,0
225,18:45:00,7142,external_origin,W,L,6.000000,0
225,18:45:00,7142,external_origin,W,T,43.000000,0
225,18:45:00,7142,external_origin,W,R,9.000000,0
225,18:45:00,7142,external_origin,N,L,10.000000,0
225,18:45:00,7142,external_origin,N,T,48.000000,0
225,18:45:00,7142,external_origin,N,TR,25.000000,0
225,18:45:00,7142,external_origin,S,L,8.000000,0
225,18:45:00,7142,external_origin,S,T,20.000000,0
225,18:45:00,7142,external_origin,S,TR,22.000000,0
226,18:50:00,7243,external_origin,E,L,3.000000,0
226,18:50:00,7243,external_origin,E,T,35.000000,0
226,18:50:00,7243,external_origin,E,TR,12.000000,0
226,18:50:00,7243,internal_destination,W,T,46.000000,0
226,18:50:00,7243,internal_destination,W,TR,26.000000,0
226,18:50:00,7243,external_origin,N,L,1.000000,0
226,18:50:00,7243,external_origin,N,TR,9.000000,0
226,18:50:00,7243,external_origin,S,L,5.000000,0
226,18:50:00,7243,external_origin,S,TR,10.000000,0
226,18:50:00,7142,internal_destination,E,L,5.000000,0
226,18:50:00,7142,internal_destination,E,T,28.000000,0
226,18:50:00,7142,internal_destination,E,R,9.000000,0
226,18:50:00,7142,external_origin,W,L,6.000000,0
226,18:50:00,7142,external_origin,W,T,40.000000,0
226,18:50:00,7142,external_origin,W,R,9.000000,0
226,18:50:00,7142,external_origin,N,L,14.000000,0
226,18:50:00,7142,external_origin,N,T,45.000000,0
226,18:50:00,7142,external_origin,N,TR,24.000000,0
226,18:50:00,7142,external_origin,S,L,8.000000,0
226,18:50:00,7142,external_origin,S,T,22.000000,0
226,18:50:00,7142,external_origin,S,TR,23.000000,0
227,18:55:00,7243,external_origin,E,L,2.000000,0
227,18:55:00,7243,external_origin,E,T,28.000000,0
227,18:55:00,7243,external_origin,E,TR,8.000000,0
227,18:55:00,7243,internal_destination,W,T,30.000000,0
227,18:55:00,7243,internal_destination,W,TR,16.000000,0
227,18:55:00,7243,external_origin,N,L,1.000000,0
227,18:55:00,7243,external_origin,N,TR,5.000000,0
227,18:55:00,7243,external_origin,S,L,4.000000,0
227,18:55:00,7243,external_origin,S,TR,7.000000,0
227,18:55:00,7142,internal_destination,E,L,4.000000,0
227,18:55:00,7142,internal_destination,E,T,30.000000,0
227,18:55:00,7142,internal_destination,E,R,8.000000,0
227,18:55:00,7142,external_origin,W,L,4.000000,0
227,18:55:00,7142,external_origin,W,T,41.000000,0
227,18:55:00,7142,external_origin,W,R,9.000000,0
227,18:55:00,7142,external_origin,N,L,12.000000,0
227,18:55:00,7142,external_origin,N,T,43.000000,0
227,18:55:00,7142,external_origin,N,TR,24.000000,0
227,18:55:00,7142,external_origin,S,L,7.000000,0
227,18:55:00,7142,external_origin,S,T,18.000000,0
227,18:55:00,7142,external_origin,S,TR,22.000000,0
228,19:00:00,7243,external_origin,E,L,3.000000,0
228,19:00:00,7243,external_origin,E,T,32.000000,0
228,19:00:00,7243,external_origin,E,TR,11.000000,0
228,19:00:00,7243,internal_destination,W,T,43.000000,0
228,19:00:00,7243,internal_destination,W,TR,24.000000,0
228,19:00:00,7243,external_origin,N,L,1.000000,0
228,19:00:00,7243,external_origin,N,TR,6.000000,0
228,19:00:00,7243,external_origin,S,L,5.000000,0
228,19:00:00,7243,external_origin,S,TR,9.000000,0
228,19:00:00,7142,internal_destination,E,L,6.000000,0
228,19:00:00,7142,internal_destination,E,T,28.000000,0
228,19:00:00,7142,internal_destination,E,R,8.000000,0
228,19:00:00,7142,external_origin,W,L,6.000000,0
228,19:00:00,7142,external_origin,W,T,44.000000,0
228,19:00:00,7142,external_origin,W,R,10.000000,0
228,19:00:00,7142,external_origin,N,L,10.000000,0
228,19:00:00,7142,external_origin,N,T,36.000000,0
228,19:00:00,7142,external_origin,N,TR,18.000000,0
228,19:00:00,7142,external_origin,S,L,8.000000,0
228,19:00:00,7142,external_origin,S,T,16.000000,0
228,19:00:00,7142,external_origin,S,TR,17.000000,0
229,19:05:00,7243,external_origin,E,L,2.000000,0
229,19:05:00,7243,external_origin,E,T,21.000000,0
229,19:05:00,7243,external_origin,E,TR,6.000000,0
229,19:05:00,7243,internal_destination,W,T,31.000000,0
229,19:05:00,7243,internal_destination,W,TR,19.000000,0
229,19:05:00,7243,external_origin,N,L,1.000000,0
229,19:05:00,7243,external_origin,N,TR,6.000000,0
229,19:05:00,7243,external_origin,S,L,3.000000,0
229,19:05:00,7243,external_origin,S,TR,9.000000,0
229,19:05:00,7142,internal_destination,E,L,6.000000,0
229,19:05:00,7142,internal_destination,E,T,28.000000,0
229,19:05:00,7142,internal_destination,E,R,7.000000,0
229,19:05:00,7142,external_origin,W,L,7.000000,0
229,19:05:00,7142,external_origin,W,T,46.000000,0
229,19:05:00,7142,external_origin,W,R,9.000000,0
229,19:05:00,7142,external_origin,N,L,10.000000,0
229,19:05:00,7142,external_origin,N,T,40.000000,0
229,19:05:00,7142,external_origin,N,TR,21.000000,0
229,19:05:00,7142,external_origin,S,L,7.000000,0
229,19:05:00,7142,external_origin,S,T,17.000000,0
229,19:05:00,7142,external_origin,S,TR,21.000000,0
230,19:10:00,7243,external_origin,E,L,3.000000,0
230,19:10:00,7243,external_origin,E,T,32.000000,0
230,19:10:00,7243,external_origin,E,TR,11.000000,0
230,19:10:00,7243,internal_destination,W,T,35.000000,0
230,19:10:00,7243,internal_destination,W,TR,21.000000,0
230,19:10:00,7243,external_origin,N,L,1.000000,0
230,19:10:00,7243,external_origin,N,TR,6.000000,0
230,19:10:00,7243,external_origin,S,L,6.000000,0
230,19:10:00,7243,external_origin,S,TR,12.000000,0
230,19:10:00,7142,internal_destination,E,L,6.000000,0
230,19:10:00,7142,internal_destination,E,T,26.000000,0
230,19:10:00,7142,internal_destination,E,R,7.000000,0
230,19:10:00,7142,external_origin,W,L,6.000000,0
230,19:10:00,7142,external_origin,W,T,37.000000,0
230,19:10:00,7142,external_origin,W,R,9.000000,0
230,19:10:00,7142,external_origin,N,L,11.000000,0
230,19:10:00,7142,external_origin,N,T,42.000000,0
230,19:10:00,7142,external_origin,N,TR,22.000000,0
230,19:10:00,7142,external_origin,S,L,7.000000,0
230,19:10:00,7142,external_origin,S,T,20.000000,0
230,19:10:00,7142,external_origin,S,TR,22.000000,0
231,19:15:00,7243,external_origin,E,L,1.000000,0
231,19:15:00,7243,external_origin,E,T,27.000000,0
231,19:15:00,7243,external_origin,E,TR,9.000000,0
231,19:15:00,7243,internal_destination,W,T,32.000000,0
231,19:15:00,7243,internal_destination,W,TR,18.000000,0
231,19:15:00,7243,external_origin,N,L,0.000000,0
231,19:15:00,7243,external_origin,N,TR,5.000000,0
231,19:15:00,7243,external_origin,S,L,4.000000,0
231,19:15:00,7243,external_origin,S,TR,8.000000,0
231,19:15:00,7142,internal_destination,E,L,4.000000,0
231,19:15:00,7142,internal_destination,E,T,22.000000,0
231,19:15:00,7142,internal_destination,E,R,8.000000,0
231,19:15:00,7142,external_origin,W,L,5.000000,0
231,19:15:00,7142,external_origin,W,T,35.000000,0
231,19:15:00,7142,external_origin,W,R,7.000000,0
231,19:15:00,7142,external_origin,N,L,12.000000,0
231,19:15:00,7142,external_origin,N,T,38.000000,0
231,19:15:00,7142,external_origin,N,TR,19.000000,0
231,19:15:00,7142,external_origin,S,L,9.000000,0
231,19:15:00,7142,external_origin,S,T,19.000000,0
231,19:15:00,7142,external_origin,S,TR,22.000000,0
232,19:20:00,7243,external_origin,E,L,3.000000,0
232,19:20:00,7243,external_origin,E,T,27.000000,0
232,19:20:00,7243,external_origin,E,TR,9.000000,0
232,19:20:00,7243,internal_destination,W,T,42.000000,0
232,19:20:00,7243,internal_destination,W,TR,23.000000,0
232,19:20:00,7243,external_origin,N,L,1.000000,0
232,19:20:00,7243,external_origin,N,TR,6.000000,0
232,19:20:00,7243,external_origin,S,L,3.000000,0
232,19:20:00,7243,external_origin,S,TR,8.000000,0
232,19:20:00,7142,internal_destination,E,L,5.000000,0
232,19:20:00,7142,internal_destination,E,T,31.000000,0
232,19:20:00,7142,internal_destination,E,R,8.000000,0
232,19:20:00,7142,external_origin,W,L,6.000000,0
232,19:20:00,7142,external_origin,W,T,44.000000,0
232,19:20:00,7142,external_origin,W,R,8.000000,0
232,19:20:00,7142,external_origin,N,L,9.000000,0
232,19:20:00,7142,external_origin,N,T,36.000000,0
232,19:20:00,7142,external_origin,N,TR,19.000000,0
232,19:20:00,7142,external_origin,S,L,7.000000,0
232,19:20:00,7142,external_origin,S,T,18.000000,0
232,19:20:00,7142,external_origin,S,TR,19.000000,0
233,19:25:00,7243,external_origin,E,L,1.000000,0
233,19:25:00,7243,external_origin,E,T,23.000000,0
233,19:25:00,7243,external_origin,E,TR,8.000000,0
233,19:25:00,7243,internal_destination,W,T,29.000000,0
233,19:25:00,7243,internal_destination,W,TR,15.000000,0
233,19:25:00,7243,external_origin,N,L,0.000000,0
233,19:25:00,7243,external_origin,N,TR,4.000000,0
233,19:25:00,7243,external_origin,S,L,4.000000,0
233,19:25:00,7243,external_origin,S,TR,7.000000,0
233,19:25:00,7142,internal_destination,E,L,5.000000,0
233,19:25:00,7142,internal_destination,E,T,29.000000,0
233,19:25:00,7142,internal_destination,E,R,7.000000,0
233,19:25:00,7142,external_origin,W,L,6.000000,0
233,19:25:00,7142,external_origin,W,T,41.000000,0
233,19:25:00,7142,external_origin,W,R,8.000000,0
233,19:25:00,7142,external_origin,N,L,8.000000,0
233,19:25:00,7142,external_origin,N,T,28.000000,0
233,19:25:00,7142,external_origin,N,TR,17.000000,0
233,19:25:00,7142,external_origin,S,L,6.000000,0
233,19:25:00,7142,external_origin,S,T,15.000000,0
233,19:25:00,7142,external_origin,S,TR,17.000000,0
234,19:30:00,7243,external_origin,E,L,2.000000,0
234,19:30:00,7243,external_origin,E,T,26.000000,0
234,19:30:00,7243,external_origin,E,TR,9.000000,0
234,19:30:00,7243,internal_destination,W,T,33.000000,0
234,19:30:00,7243,internal_destination,W,TR,19.000000,0
234,19:30:00,7243,external_origin,N,L,1.000000,0
234,19:30:00,7243,external_origin,N,TR,6.000000,0
234,19:30:00,7243,external_origin,S,L,4.000000,0
234,19:30:00,7243,external_origin,S,TR,10.000000,0
234,19:30:00,7142,internal_destination,E,L,5.000000,0
234,19:30:00,7142,internal_destination,E,T,26.000000,0
234,19:30:00,7142,internal_destination,E,R,6.000000,0
234,19:30:00,7142,external_origin,W,L,7.000000,0
234,19:30:00,7142,external_origin,W,T,40.000000,0
234,19:30:00,7142,external_origin,W,R,8.000000,0
234,19:30:00,7142,external_origin,N,L,10.000000,0
234,19:30:00,7142,external_origin,N,T,34.000000,0
234,19:30:00,7142,external_origin,N,TR,20.000000,0
234,19:30:00,7142,external_origin,S,L,8.000000,0
234,19:30:00,7142,external_origin,S,T,18.000000,0
234,19:30:00,7142,external_origin,S,TR,21.000000,0
235,19:35:00,7243,external_origin,E,L,2.000000,0
235,19:35:00,7243,external_origin,E,T,24.000000,0
235,19:35:00,7243,external_origin,E,TR,8.000000,0
235,19:35:00,7243,internal_destination,W,T,31.000000,0
235,19:35:00,7243,internal_destination,W,TR,18.000000,0
235,19:35:00,7243,external_origin,N,L,1.000000,0
235,19:35:00,7243,external_origin,N,TR,6.000000,0
235,19:35:00,7243,external_origin,S,L,4.000000,0
235,19:35:00,7243,external_origin,S,TR,8.000000,0
235,19:35:00,7142,internal_destination,E,L,6.000000,0
235,19:35:00,7142,internal_destination,E,T,25.000000,0
235,19:35:00,7142,internal_destination,E,R,7.000000,0
235,19:35:00,7142,external_origin,W,L,7.000000,0
235,19:35:00,7142,external_origin,W,T,30.000000,0
235,19:35:00,7142,external_origin,W,R,7.000000,0
235,19:35:00,7142,external_origin,N,L,11.000000,0
235,19:35:00,7142,external_origin,N,T,35.000000,0
235,19:35:00,7142,external_origin,N,TR,19.000000,0
235,19:35:00,7142,external_origin,S,L,7.000000,0
235,19:35:00,7142,external_origin,S,T,17.000000,0
235,19:35:00,7142,external_origin,S,TR,20.000000,0
236,19:40:00,7243,external_origin,E,L,2.000000,0
236,19:40:00,7243,external_origin,E,T,31.000000,0
236,19:40:00,7243,external_origin,E,TR,9.000000,0
236,19:40:00,7243,internal_destination,W,T,36.000000,0
236,19:40:00,7243,internal_destination,W,TR,20.000000,0
236,19:40:00,7243,external_origin,N,L,1.000000,0
236,19:40:00,7243,external_origin,N,TR,5.000000,0
236,19:40:00,7243,external_origin,S,L,6.000000,0
236,19:40:00,7243,external_origin,S,TR,9.000000,0
236,19:40:00,7142,internal_destination,E,L,4.000000,0
236,19:40:00,7142,internal_destination,E,T,28.000000,0
236,19:40:00,7142,internal_destination,E,R,7.000000,0
236,19:40:00,7142,external_origin,W,L,4.000000,0
236,19:40:00,7142,external_origin,W,T,40.000000,0
236,19:40:00,7142,external_origin,W,R,7.000000,0
236,19:40:00,7142,external_origin,N,L,9.000000,0
236,19:40:00,7142,external_origin,N,T,31.000000,0
236,19:40:00,7142,external_origin,N,TR,19.000000,0
236,19:40:00,7142,external_origin,S,L,8.000000,0
236,19:40:00,7142,external_origin,S,T,18.000000,0
236,19:40:00,7142,external_origin,S,TR,21.000000,0
237,19:45:00,7243,external_origin,E,L,2.000000,0
237,19:45:00,7243,external_origin,E,T,26.000000,0
237,19:45:00,7243,external_origin,E,TR,10.000000,0
237,19:45:00,7243,internal_destination,W,T,33.000000,0
237,19:45:00,7243,internal_destination,W,TR,18.000000,0
237,19:45:00,7243,external_origin,N,L,1.000000,0
237,19:45:00,7243,external_origin,N,TR,4.000000,0
237,19:45:00,7243,external_origin,S,L,3.000000,0
237,19:45:00,7243,external_origin,S,TR,8.000000,0
237,19:45:00,7142,internal_destination,E,L,5.000000,0
237,19:45:00,7142,internal_destination,E,T,29.000000,0
237,19:45:00,7142,internal_destination,E,R,8.000000,0
237,19:45:00,7142,external_origin,W,L,6.000000,0
237,19:45:00,7142,external_origin,W,T,38.000000,0
237,19:45:00,7142,external_origin,W,R,8.000000,0
237,19:45:00,7142,external_origin,N,L,8.000000,0
237,19:45:00,7142,external_origin,N,T,25.000000,0
237,19:45:00,7142,external_origin,N,TR,13.000000,0
237,19:45:00,7142,external_origin,S,L,6.000000,0
237,19:45:00,7142,external_origin,S,T,16.000000,0
237,19:45:00,7142,external_origin,S,TR,18.000000,0
238,19:50:00,7243,external_origin,E,L,2.000000,0
238,19:50:00,7243,external_origin,E,T,23.000000,0
238,19:50:00,7243,external_origin,E,TR,8.000000,0
238,19:50:00,7243,internal_destination,W,T,33.000000,0
238,19:50:00,7243,internal_destination,W,TR,18.000000,0
238,19:50:00,7243,external_origin,N,L,1.000000,0
238,19:50:00,7243,external_origin,N,TR,6.000000,0
238,19:50:00,7243,external_origin,S,L,5.000000,0
238,19:50:00,7243,external_origin,S,TR,9.000000,0
238,19:50:00,7142,internal_destination,E,L,5.000000,0
238,19:50:00,7142,internal_destination,E,T,25.000000,0
238,19:50:00,7142,internal_destination,E,R,6.000000,0
238,19:50:00,7142,external_origin,W,L,6.000000,0
238,19:50:00,7142,external_origin,W,T,42.000000,0
238,19:50:00,7142,external_origin,W,R,8.000000,0
238,19:50:00,7142,external_origin,N,L,8.000000,0
238,19:50:00,7142,external_origin,N,T,29.000000,0
238,19:50:00,7142,external_origin,N,TR,17.000000,0
238,19:50:00,7142,external_origin,S,L,6.000000,0
238,19:50:00,7142,external_origin,S,T,14.000000,0
238,19:50:00,7142,external_origin,S,TR,19.000000,0
239,19:55:00,7243,external_origin,E,L,1.000000,0
239,19:55:00,7243,external_origin,E,T,20.000000,0
239,19:55:00,7243,external_origin,E,TR,7.000000,0
239,19:55:00,7243,internal_destination,W,T,22.000000,0
239,19:55:00,7243,internal_destination,W,TR,13.000000,0
239,19:55:00,7243,external_origin,N,L,0.000000,0
239,19:55:00,7243,external_origin,N,TR,4.000000,0
239,19:55:00,7243,external_origin,S,L,5.000000,0
239,19:55:00,7243,external_origin,S,TR,7.000000,0
239,19:55:00,7142,internal_destination,E,L,4.000000,0
239,19:55:00,7142,internal_destination,E,T,22.000000,0
239,19:55:00,7142,internal_destination,E,R,6.000000,0
239,19:55:00,7142,external_origin,W,L,6.000000,0
239,19:55:00,7142,external_origin,W,T,31.000000,0
239,19:55:00,7142,external_origin,W,R,8.000000,0
239,19:55:00,7142,external_origin,N,L,10.000000,0
239,19:55:00,7142,external_origin,N,T,34.000000,0
239,19:55:00,7142,external_origin,N,TR,18.000000,0
239,19:55:00,7142,external_origin,S,L,7.000000,0
239,19:55:00,7142,external_origin,S,T,19.000000,0
239,19:55:00,7142,external_origin,S,TR,20.000000,0
240,20:00:00,7243,external_origin,E,L,2.000000,0
240,20:00:00,7243,external_origin,E,T,23.000000,0
240,20:00:00,7243,external_origin,E,TR,8.000000,0
240,20:00:00,7243,internal_destination,W,T,34.000000,0
240,20:00:00,7243,internal_destination,W,TR,17.000000,0
240,20:00:00,7243,external_origin,N,L,0.000000,0
240,20:00:00,7243,external_origin,N,TR,5.000000,0
240,20:00:00,7243,external_origin,S,L,4.000000,0
240,20:00:00,7243,external_origin,S,TR,10.000000,0
240,20:00:00,7142,internal_destination,E,L,4.000000,0
240,20:00:00,7142,internal_destination,E,T,19.000000,0
240,20:00:00,7142,internal_destination,E,R,6.000000,0
240,20:00:00,7142,external_origin,W,L,5.000000,0
240,20:00:00,7142,external_origin,W,T,30.000000,0
240,20:00:00,7142,external_origin,W,R,7.000000,0
240,20:00:00,7142,external_origin,N,L,8.000000,0
240,20:00:00,7142,external_origin,N,T,31.000000,0
240,20:00:00,7142,external_origin,N,TR,15.000000,0
240,20:00:00,7142,external_origin,S,L,6.000000,0
240,20:00:00,7142,external_origin,S,T,17.000000,0
240,20:00:00,7142,external_origin,S,TR,20.000000,0
241,20:05:00,7243,external_origin,E,L,1.000000,0
241,20:05:00,7243,external_origin,E,T,24.000000,0
241,20:05:00,7243,external_origin,E,TR,7.000000,0
241,20:05:00,7243,internal_destination,W,T,36.000000,0
241,20:05:00,7243,internal_destination,W,TR,18.000000,0
241,20:05:00,7243,external_origin,N,L,0.000000,0
241,20:05:00,7243,external_origin,N,TR,5.000000,0
241,20:05:00,7243,external_origin,S,L,3.000000,0
241,20:05:00,7243,external_origin,S,TR,7.000000,0
241,20:05:00,7142,internal_destination,E,L,4.000000,0
241,20:05:00,7142,internal_destination,E,T,28.000000,0
241,20:05:00,7142,internal_destination,E,R,6.000000,0
241,20:05:00,7142,external_origin,W,L,6.000000,0
241,20:05:00,7142,external_origin,W,T,38.000000,0
241,20:05:00,7142,external_origin,W,R,7.000000,0
241,20:05:00,7142,external_origin,N,L,8.000000,0
241,20:05:00,7142,external_origin,N,T,30.000000,0
241,20:05:00,7142,external_origin,N,TR,18.000000,0
241,20:05:00,7142,external_origin,S,L,6.000000,0
241,20:05:00,7142,external_origin,S,T,16.000000,0
241,20:05:00,7142,external_origin,S,TR,20.000000,0
242,20:10:00,7243,external_origin,E,L,2.000000,0
242,20:10:00,7243,external_origin,E,T,30.000000,0
242,20:10:00,7243,external_origin,E,TR,10.000000,0
242,20:10:00,7243,internal_destination,W,T,38.000000,0
242,20:10:00,7243,internal_destination,W,TR,19.000000,0
242,20:10:00,7243,external_origin,N,L,0.000000,0
242,20:10:00,7243,external_origin,N,TR,5.000000,0
242,20:10:00,7243,external_origin,S,L,4.000000,0
242,20:10:00,7243,external_origin,S,TR,9.000000,0
242,20:10:00,7142,internal_destination,E,L,4.000000,0
242,20:10:00,7142,internal_destination,E,T,27.000000,0
242,20:10:00,7142,internal_destination,E,R,6.000000,0
242,20:10:00,7142,external_origin,W,L,6.000000,0
242,20:10:00,7142,external_origin,W,T,38.000000,0
242,20:10:00,7142,external_origin,W,R,9.000000,0
242,20:10:00,7142,external_origin,N,L,7.000000,0
242,20:10:00,7142,external_origin,N,T,24.000000,0
242,20:10:00,7142,external_origin,N,TR,14.000000,0
242,20:10:00,7142,external_origin,S,L,5.000000,0
242,20:10:00,7142,external_origin,S,T,12.000000,0
242,20:10:00,7142,external_origin,S,TR,16.000000,0
243,20:15:00,7243,external_origin,E,L,2.000000,0
243,20:15:00,7243,external_origin,E,T,22.000000,0
243,20:15:00,7243,external_origin,E,TR,6.000000,0
243,20:15:00,7243,internal_destination,W,T,30.000000,0
243,20:15:00,7243,internal_destination,W,TR,17.000000,0
243,20:15:00,7243,external_origin,N,L,1.000000,0
243,20:15:00,7243,external_origin,N,TR,5.000000,0
243,20:15:00,7243,external_origin,S,L,4.000000,0
243,20:15:00,7243,external_origin,S,TR,9.000000,0
243,20:15:00,7142,internal_destination,E,L,4.000000,0
243,20:15:00,7142,internal_destination,E,T,22.000000,0
243,20:15:00,7142,internal_destination,E,R,5.000000,0
243,20:15:00,7142,external_origin,W,L,6.000000,0
243,20:15:00,7142,external_origin,W,T,39.000000,0
243,20:15:00,7142,external_origin,W,R,7.000000,0
243,20:15:00,7142,external_origin,N,L,9.000000,0
243,20:15:00,7142,external_origin,N,T,31.000000,0
243,20:15:00,7142,external_origin,N,TR,18.000000,0
243,20:15:00,7142,external_origin,S,L,7.000000,0
243,20:15:00,7142,external_origin,S,T,17.000000,0
243,20:15:00,7142,external_origin,S,TR,19.000000,0
244,20:20:00,7243,external_origin,E,L,2.000000,0
244,20:20:00,7243,external_origin,E,T,26.000000,0
244,20:20:00,7243,external_origin,E,TR,7.000000,0
244,20:20:00,7243,internal_destination,W,T,34.000000,0
244,20:20:00,7243,internal_destination,W,TR,18.000000,0
244,20:20:00,7243,external_origin,N,L,1.000000,0
244,20:20:00,7243,external_origin,N,TR,5.000000,0
244,20:20:00,7243,external_origin,S,L,3.000000,0
244,20:20:00,7243,external_origin,S,TR,9.000000,0
244,20:20:00,7142,internal_destination,E,L,5.000000,0
244,20:20:00,7142,internal_destination,E,T,22.000000,0
244,20:20:00,7142,internal_destination,E,R,5.000000,0
244,20:20:00,7142,external_origin,W,L,6.000000,0
244,20:20:00,7142,external_origin,W,T,30.000000,0
244,20:20:00,7142,external_origin,W,R,6.000000,0
244,20:20:00,7142,external_origin,N,L,9.000000,0
244,20:20:00,7142,external_origin,N,T,28.000000,0
244,20:20:00,7142,external_origin,N,TR,15.000000,0
244,20:20:00,7142,external_origin,S,L,7.000000,0
244,20:20:00,7142,external_origin,S,T,17.000000,0
244,20:20:00,7142,external_origin,S,TR,20.000000,0
245,20:25:00,7243,external_origin,E,L,1.000000,0
245,20:25:00,7243,external_origin,E,T,19.000000,0
245,20:25:00,7243,external_origin,E,TR,6.000000,0
245,20:25:00,7243,internal_destination,W,T,26.000000,0
245,20:25:00,7243,internal_destination,W,TR,13.000000,0
245,20:25:00,7243,external_origin,N,L,0.000000,0
245,20:25:00,7243,external_origin,N,TR,4.000000,0
245,20:25:00,7243,external_origin,S,L,3.000000,0
245,20:25:00,7243,external_origin,S,TR,7.000000,0
245,20:25:00,7142,internal_destination,E,L,3.000000,0
245,20:25:00,7142,internal_destination,E,T,21.000000,0
245,20:25:00,7142,internal_destination,E,R,6.000000,0
245,20:25:00,7142,external_origin,W,L,4.000000,0
245,20:25:00,7142,external_origin,W,T,37.000000,0
245,20:25:00,7142,external_origin,W,R,6.000000,0
245,20:25:00,7142,external_origin,N,L,8.000000,0
245,20:25:00,7142,external_origin,N,T,29.000000,0
245,20:25:00,7142,external_origin,N,TR,16.000000,0
245,20:25:00,7142,external_origin,S,L,6.000000,0
245,20:25:00,7142,external_origin,S,T,16.000000,0
245,20:25:00,7142,external_origin,S,TR,19.000000,0
246,20:30:00,7243,external_origin,E,L,2.000000,0
246,20:30:00,7243,external_origin,E,T,27.000000,0
246,20:30:00,7243,external_origin,E,TR,8.000000,0
246,20:30:00,7243,internal_destination,W,T,37.000000,0
246,20:30:00,7243,internal_destination,W,TR,18.000000,0
246,20:30:00,7243,external_origin,N,L,1.000000,0
246,20:30:00,7243,external_origin,N,TR,4.000000,0
246,20:30:00,7243,external_origin,S,L,4.000000,0
246,20:30:00,7243,external_origin,S,TR,9.000000,0
246,20:30:00,7142,internal_destination,E,L,5.000000,0
246,20:30:00,7142,internal_destination,E,T,24.000000,0
246,20:30:00,7142,internal_destination,E,R,5.000000,0
246,20:30:00,7142,external_origin,W,L,6.000000,0
246,20:30:00,7142,external_origin,W,T,33.000000,0
246,20:30:00,7142,external_origin,W,R,6.000000,0
246,20:30:00,7142,external_origin,N,L,7.000000,0
246,20:30:00,7142,external_origin,N,T,22.000000,0
246,20:30:00,7142,external_origin,N,TR,13.000000,0
246,20:30:00,7142,external_origin,S,L,5.000000,0
246,20:30:00,7142,external_origin,S,T,14.000000,0
246,20:30:00,7142,external_origin,S,TR,17.000000,0
247,20:35:00,7243,external_origin,E,L,2.000000,0
247,20:35:00,7243,external_origin,E,T,24.000000,0
247,20:35:00,7243,external_origin,E,TR,7.000000,0
247,20:35:00,7243,internal_destination,W,T,31.000000,0
247,20:35:00,7243,internal_destination,W,TR,16.000000,0
247,20:35:00,7243,external_origin,N,L,0.000000,0
247,20:35:00,7243,external_origin,N,TR,4.000000,0
247,20:35:00,7243,external_origin,S,L,4.000000,0
247,20:35:00,7243,external_origin,S,TR,8.000000,0
247,20:35:00,7142,internal_destination,E,L,4.000000,0
247,20:35:00,7142,internal_destination,E,T,24.000000,0
247,20:35:00,7142,internal_destination,E,R,6.000000,0
247,20:35:00,7142,external_origin,W,L,6.000000,0
247,20:35:00,7142,external_origin,W,T,35.000000,0
247,20:35:00,7142,external_origin,W,R,7.000000,0
247,20:35:00,7142,external_origin,N,L,7.000000,0
247,20:35:00,7142,external_origin,N,T,25.000000,0
247,20:35:00,7142,external_origin,N,TR,14.000000,0
247,20:35:00,7142,external_origin,S,L,5.000000,0
247,20:35:00,7142,external_origin,S,T,13.000000,0
247,20:35:00,7142,external_origin,S,TR,17.000000,0
248,20:40:00,7243,external_origin,E,L,2.000000,0
248,20:40:00,7243,external_origin,E,T,22.000000,0
248,20:40:00,7243,external_origin,E,TR,8.000000,0
248,20:40:00,7243,internal_destination,W,T,26.000000,0
248,20:40:00,7243,internal_destination,W,TR,13.000000,0
248,20:40:00,7243,external_origin,N,L,1.000000,0
248,20:40:00,7243,external_origin,N,TR,6.000000,0
248,20:40:00,7243,external_origin,S,L,4.000000,0
248,20:40:00,7243,external_origin,S,TR,8.000000,0
248,20:40:00,7142,internal_destination,E,L,4.000000,0
248,20:40:00,7142,internal_destination,E,T,23.000000,0
248,20:40:00,7142,internal_destination,E,R,5.000000,0
248,20:40:00,7142,external_origin,W,L,5.000000,0
248,20:40:00,7142,external_origin,W,T,28.000000,0
248,20:40:00,7142,external_origin,W,R,6.000000,0
248,20:40:00,7142,external_origin,N,L,9.000000,0
248,20:40:00,7142,external_origin,N,T,27.000000,0
248,20:40:00,7142,external_origin,N,TR,15.000000,0
248,20:40:00,7142,external_origin,S,L,6.000000,0
248,20:40:00,7142,external_origin,S,T,16.000000,0
248,20:40:00,7142,external_origin,S,TR,19.000000,0
249,20:45:00,7243,external_origin,E,L,1.000000,0
249,20:45:00,7243,external_origin,E,T,20.000000,0
249,20:45:00,7243,external_origin,E,TR,7.000000,0
249,20:45:00,7243,internal_destination,W,T,26.000000,0
249,20:45:00,7243,internal_destination,W,TR,15.000000,0
249,20:45:00,7243,external_origin,N,L,0.000000,0
249,20:45:00,7243,external_origin,N,TR,4.000000,0
249,20:45:00,7243,external_origin,S,L,3.000000,0
249,20:45:00,7243,external_origin,S,TR,8.000000,0
249,20:45:00,7142,internal_destination,E,L,3.000000,0
249,20:45:00,7142,internal_destination,E,T,18.000000,0
249,20:45:00,7142,internal_destination,E,R,6.000000,0
249,20:45:00,7142,external_origin,W,L,4.000000,0
249,20:45:00,7142,external_origin,W,T,25.000000,0
249,20:45:00,7142,external_origin,W,R,6.000000,0
249,20:45:00,7142,external_origin,N,L,7.000000,0
249,20:45:00,7142,external_origin,N,T,28.000000,0
249,20:45:00,7142,external_origin,N,TR,15.000000,0
249,20:45:00,7142,external_origin,S,L,7.000000,0
249,20:45:00,7142,external_origin,S,T,14.000000,0
249,20:45:00,7142,external_origin,S,TR,15.000000,0
250,20:50:00,7243,external_origin,E,L,1.000000,0
250,20:50:00,7243,external_origin,E,T,22.000000,0
250,20:50:00,7243,external_origin,E,TR,8.000000,0
250,20:50:00,7243,internal_destination,W,T,35.000000,0
250,20:50:00,7243,internal_destination,W,TR,18.000000,0
250,20:50:00,7243,external_origin,N,L,0.000000,0
250,20:50:00,7243,external_origin,N,TR,4.000000,0
250,20:50:00,7243,external_origin,S,L,3.000000,0
250,20:50:00,7243,external_origin,S,TR,7.000000,0
250,20:50:00,7142,internal_destination,E,L,4.000000,0
250,20:50:00,7142,internal_destination,E,T,24.000000,0
250,20:50:00,7142,internal_destination,E,R,5.000000,0
250,20:50:00,7142,external_origin,W,L,5.000000,0
250,20:50:00,7142,external_origin,W,T,34.000000,0
250,20:50:00,7142,external_origin,W,R,6.000000,0
250,20:50:00,7142,external_origin,N,L,8.000000,0
250,20:50:00,7142,external_origin,N,T,25.000000,0
250,20:50:00,7142,external_origin,N,TR,13.000000,0
250,20:50:00,7142,external_origin,S,L,5.000000,0
250,20:50:00,7142,external_origin,S,T,15.000000,0
250,20:50:00,7142,external_origin,S,TR,14.000000,0
251,20:55:00,7243,external_origin,E,L,1.000000,0
251,20:55:00,7243,external_origin,E,T,19.000000,0
251,20:55:00,7243,external_origin,E,TR,6.000000,0
251,20:55:00,7243,internal_destination,W,T,26.000000,0
251,20:55:00,7243,internal_destination,W,TR,13.000000,0
251,20:55:00,7243,external_origin,N,L,0.000000,0
251,20:55:00,7243,external_origin,N,TR,4.000000,0
251,20:55:00,7243,external_origin,S,L,4.000000,0
251,20:55:00,7243,external_origin,S,TR,6.000000,0
251,20:55:00,7142,internal_destination,E,L,3.000000,0
251,20:55:00,7142,internal_destination,E,T,20.000000,0
251,20:55:00,7142,internal_destination,E,R,5.000000,0
251,20:55:00,7142,external_origin,W,L,6.000000,0
251,20:55:00,7142,external_origin,W,T,36.000000,0
251,20:55:00,7142,external_origin,W,R,6.000000,0
251,20:55:00,7142,external_origin,N,L,7.000000,0
251,20:55:00,7142,external_origin,N,T,19.000000,0
251,20:55:00,7142,external_origin,N,TR,11.000000,0
251,20:55:00,7142,external_origin,S,L,5.000000,0
251,20:55:00,7142,external_origin,S,T,11.000000,0
251,20:55:00,7142,external_origin,S,TR,15.000000,0
252,21:00:00,7243,external_origin,E,L,1.000000,0
252,21:00:00,7243,external_origin,E,T,18.000000,0
252,21:00:00,7243,external_origin,E,TR,7.000000,0
252,21:00:00,7243,internal_destination,W,T,26.000000,0
252,21:00:00,7243,internal_destination,W,TR,13.000000,0
252,21:00:00,7243,external_origin,N,L,1.000000,0
252,21:00:00,7243,external_origin,N,TR,5.000000,0
252,21:00:00,7243,external_origin,S,L,3.000000,0
252,21:00:00,7243,external_origin,S,TR,9.000000,0
252,21:00:00,7142,internal_destination,E,L,3.000000,0
252,21:00:00,7142,internal_destination,E,T,18.000000,0
252,21:00:00,7142,internal_destination,E,R,4.000000,0
252,21:00:00,7142,external_origin,W,L,6.000000,0
252,21:00:00,7142,external_origin,W,T,31.000000,0
252,21:00:00,7142,external_origin,W,R,6.000000,0
252,21:00:00,7142,external_origin,N,L,8.000000,0
252,21:00:00,7142,external_origin,N,T,25.000000,0
252,21:00:00,7142,external_origin,N,TR,14.000000,0
252,21:00:00,7142,external_origin,S,L,5.000000,0
252,21:00:00,7142,external_origin,S,T,16.000000,0
252,21:00:00,7142,external_origin,S,TR,17.000000,0
253,21:05:00,7243,external_origin,E,L,1.000000,0
253,21:05:00,7243,external_origin,E,T,21.000000,0
253,21:05:00,7243,external_origin,E,TR,7.000000,0
253,21:05:00,7243,internal_destination,W,T,30.000000,0
253,21:05:00,7243,internal_destination,W,TR,15.000000,0
253,21:05:00,7243,external_origin,N,L,0.000000,0
253,21:05:00,7243,external_origin,N,TR,4.000000,0
253,21:05:00,7243,external_origin,S,L,3.000000,0
253,21:05:00,7243,external_origin,S,TR,8.000000,0
253,21:05:00,7142,internal_destination,E,L,3.000000,0
253,21:05:00,7142,internal_destination,E,T,18.000000,0
253,21:05:00,7142,internal_destination,E,R,5.000000,0
253,21:05:00,7142,external_origin,W,L,6.000000,0
253,21:05:00,7142,external_origin,W,T,27.000000,0
253,21:05:00,7142,external_origin,W,R,6.000000,0
253,21:05:00,7142,external_origin,N,L,7.000000,0
253,21:05:00,7142,external_origin,N,T,25.000000,0
253,21:05:00,7142,external_origin,N,TR,14.000000,0
253,21:05:00,7142,external_origin,S,L,6.000000,0
253,21:05:00,7142,external_origin,S,T,17.000000,0
253,21:05:00,7142,external_origin,S,TR,18.000000,0
254,21:10:00,7243,external_origin,E,L,1.000000,0
254,21:10:00,7243,external_origin,E,T,23.000000,0
254,21:10:00,7243,external_origin,E,TR,7.000000,0
254,21:10:00,7243,internal_destination,W,T,30.000000,0
254,21:10:00,7243,internal_destination,W,TR,16.000000,0
254,21:10:00,7243,external_origin,N,L,0.000000,0
254,21:10:00,7243,external_origin,N,TR,5.000000,0
254,21:10:00,7243,external_origin,S,L,4.000000,0
254,21:10:00,7243,external_origin,S,TR,8.000000,0
254,21:10:00,7142,internal_destination,E,L,2.000000,0
254,21:10:00,7142,internal_destination,E,T,20.000000,0
254,21:10:00,7142,internal_destination,E,R,5.000000,0
254,21:10:00,7142,external_origin,W,L,4.000000,0
254,21:10:00,7142,external_origin,W,T,31.000000,0
254,21:10:00,7142,external_origin,W,R,5.000000,0
254,21:10:00,7142,external_origin,N,L,7.000000,0
254,21:10:00,7142,external_origin,N,T,25.000000,0
254,21:10:00,7142,external_origin,N,TR,13.000000,0
254,21:10:00,7142,external_origin,S,L,7.000000,0
254,21:10:00,7142,external_origin,S,T,16.000000,0
254,21:10:00,7142,external_origin,S,TR,18.000000,0
255,21:15:00,7243,external_origin,E,L,1.000000,0
255,21:15:00,7243,external_origin,E,T,19.000000,0
255,21:15:00,7243,external_origin,E,TR,7.000000,0
255,21:15:00,7243,internal_destination,W,T,30.000000,0
255,21:15:00,7243,internal_destination,W,TR,16.000000,0
255,21:15:00,7243,external_origin,N,L,0.000000,0
255,21:15:00,7243,external_origin,N,TR,3.000000,0
255,21:15:00,7243,external_origin,S,L,2.000000,0
255,21:15:00,7243,external_origin,S,TR,8.000000,0
255,21:15:00,7142,internal_destination,E,L,3.000000,0
255,21:15:00,7142,internal_destination,E,T,21.000000,0
255,21:15:00,7142,internal_destination,E,R,5.000000,0
255,21:15:00,7142,external_origin,W,L,5.000000,0
255,21:15:00,7142,external_origin,W,T,34.000000,0
255,21:15:00,7142,external_origin,W,R,6.000000,0
255,21:15:00,7142,external_origin,N,L,6.000000,0
255,21:15:00,7142,external_origin,N,T,20.000000,0
255,21:15:00,7142,external_origin,N,TR,10.000000,0
255,21:15:00,7142,external_origin,S,L,5.000000,0
255,21:15:00,7142,external_origin,S,T,14.000000,0
255,21:15:00,7142,external_origin,S,TR,16.000000,0
256,21:20:00,7243,external_origin,E,L,2.000000,0
256,21:20:00,7243,external_origin,E,T,19.000000,0
256,21:20:00,7243,external_origin,E,TR,8.000000,0
256,21:20:00,7243,internal_destination,W,T,29.000000,0
256,21:20:00,7243,internal_destination,W,TR,15.000000,0
256,21:20:00,7243,external_origin,N,L,1.000000,0
256,21:20:00,7243,external_origin,N,TR,6.000000,0
256,21:20:00,7243,external_origin,S,L,3.000000,0
256,21:20:00,7243,external_origin,S,TR,7.000000,0
256,21:20:00,7142,internal_destination,E,L,4.000000,0
256,21:20:00,7142,internal_destination,E,T,22.000000,0
256,21:20:00,7142,internal_destination,E,R,6.000000,0
256,21:20:00,7142,external_origin,W,L,5.000000,0
256,21:20:00,7142,external_origin,W,T,35.000000,0
256,21:20:00,7142,external_origin,W,R,6.000000,0
256,21:20:00,7142,external_origin,N,L,6.000000,0
256,21:20:00,7142,external_origin,N,T,21.000000,0
256,21:20:00,7142,external_origin,N,TR,12.000000,0
256,21:20:00,7142,external_origin,S,L,5.000000,0
256,21:20:00,7142,external_origin,S,T,14.000000,0
256,21:20:00,7142,external_origin,S,TR,16.000000,0
257,21:25:00,7243,external_origin,E,L,2.000000,0
257,21:25:00,7243,external_origin,E,T,18.000000,0
257,21:25:00,7243,external_origin,E,TR,6.000000,0
257,21:25:00,7243,internal_destination,W,T,20.000000,0
257,21:25:00,7243,internal_destination,W,TR,11.000000,0
257,21:25:00,7243,external_origin,N,L,0.000000,0
257,21:25:00,7243,external_origin,N,TR,3.000000,0
257,21:25:00,7243,external_origin,S,L,3.000000,0
257,21:25:00,7243,external_origin,S,TR,8.000000,0
257,21:25:00,7142,internal_destination,E,L,3.000000,0
257,21:25:00,7142,internal_destination,E,T,19.000000,0
257,21:25:00,7142,internal_destination,E,R,5.000000,0
257,21:25:00,7142,external_origin,W,L,4.000000,0
257,21:25:00,7142,external_origin,W,T,27.000000,0
257,21:25:00,7142,external_origin,W,R,6.000000,0
257,21:25:00,7142,external_origin,N,L,7.000000,0
257,21:25:00,7142,external_origin,N,T,26.000000,0
257,21:25:00,7142,external_origin,N,TR,13.000000,0
257,21:25:00,7142,external_origin,S,L,6.000000,0
257,21:25:00,7142,external_origin,S,T,16.000000,0
257,21:25:00,7142,external_origin,S,TR,17.000000,0
258,21:30:00,7243,external_origin,E,L,1.000000,0
258,21:30:00,7243,external_origin,E,T,18.000000,0
258,21:30:00,7243,external_origin,E,TR,7.000000,0
258,21:30:00,7243,internal_destination,W,T,26.000000,0
258,21:30:00,7243,internal_destination,W,TR,13.000000,0
258,21:30:00,7243,external_origin,N,L,1.000000,0
258,21:30:00,7243,external_origin,N,TR,4.000000,0
258,21:30:00,7243,external_origin,S,L,3.000000,0
258,21:30:00,7243,external_origin,S,TR,7.000000,0
258,21:30:00,7142,internal_destination,E,L,2.000000,0
258,21:30:00,7142,internal_destination,E,T,15.000000,0
258,21:30:00,7142,internal_destination,E,R,5.000000,0
258,21:30:00,7142,external_origin,W,L,5.000000,0
258,21:30:00,7142,external_origin,W,T,22.000000,0
258,21:30:00,7142,external_origin,W,R,5.000000,0
258,21:30:00,7142,external_origin,N,L,6.000000,0
258,21:30:00,7142,external_origin,N,T,23.000000,0
258,21:30:00,7142,external_origin,N,TR,11.000000,0
258,21:30:00,7142,external_origin,S,L,6.000000,0
258,21:30:00,7142,external_origin,S,T,15.000000,0
258,21:30:00,7142,external_origin,S,TR,16.000000,0
259,21:35:00,7243,external_origin,E,L,1.000000,0
259,21:35:00,7243,external_origin,E,T,19.000000,0
259,21:35:00,7243,external_origin,E,TR,6.000000,0
259,21:35:00,7243,internal_destination,W,T,24.000000,0
259,21:35:00,7243,internal_destination,W,TR,13.000000,0
259,21:35:00,7243,external_origin,N,L,0.000000,0
259,21:35:00,7243,external_origin,N,TR,3.000000,0
259,21:35:00,7243,external_origin,S,L,2.000000,0
259,21:35:00,7243,external_origin,S,TR,6.000000,0
259,21:35:00,7142,internal_destination,E,L,2.000000,0
259,21:35:00,7142,internal_destination,E,T,20.000000,0
259,21:35:00,7142,internal_destination,E,R,4.000000,0
259,21:35:00,7142,external_origin,W,L,4.000000,0
259,21:35:00,7142,external_origin,W,T,26.000000,0
259,21:35:00,7142,external_origin,W,R,4.000000,0
259,21:35:00,7142,external_origin,N,L,5.000000,0
259,21:35:00,7142,external_origin,N,T,19.000000,0
259,21:35:00,7142,external_origin,N,TR,11.000000,0
259,21:35:00,7142,external_origin,S,L,5.000000,0
259,21:35:00,7142,external_origin,S,T,13.000000,0
259,21:35:00,7142,external_origin,S,TR,14.000000,0
260,21:40:00,7243,external_origin,E,L,1.000000,0
260,21:40:00,7243,external_origin,E,T,20.000000,0
260,21:40:00,7243,external_origin,E,TR,7.000000,0
260,21:40:00,7243,internal_destination,W,T,24.000000,0
260,21:40:00,7243,internal_destination,W,TR,13.000000,0
260,21:40:00,7243,external_origin,N,L,0.000000,0
260,21:40:00,7243,external_origin,N,TR,4.000000,0
260,21:40:00,7243,external_origin,S,L,2.000000,0
260,21:40:00,7243,external_origin,S,TR,7.000000,0
260,21:40:00,7142,internal_destination,E,L,3.000000,0
260,21:40:00,7142,internal_destination,E,T,18.000000,0
260,21:40:00,7142,internal_destination,E,R,5.000000,0
260,21:40:00,7142,external_origin,W,L,5.000000,0
260,21:40:00,7142,external_origin,W,T,25.000000,0
260,21:40:00,7142,external_origin,W,R,5.000000,0
260,21:40:00,7142,external_origin,N,L,5.000000,0
260,21:40:00,7142,external_origin,N,T,16.000000,0
260,21:40:00,7142,external_origin,N,TR,8.000000,0
260,21:40:00,7142,external_origin,S,L,5.000000,0
260,21:40:00,7142,external_origin,S,T,12.000000,0
260,21:40:00,7142,external_origin,S,TR,12.000000,0
261,21:45:00,7243,external_origin,E,L,1.000000,0
261,21:45:00,7243,external_origin,E,T,17.000000,0
261,21:45:00,7243,external_origin,E,TR,7.000000,0
261,21:45:00,7243,internal_destination,W,T,20.000000,0
261,21:45:00,7243,internal_destination,W,TR,11.000000,0
261,21:45:00,7243,external_origin,N,L,0.000000,0
261,21:45:00,7243,external_origin,N,TR,3.000000,0
261,21:45:00,7243,external_origin,S,L,2.000000,0
261,21:45:00,7243,external_origin,S,TR,7.000000,0
261,21:45:00,7142,internal_destination,E,L,3.000000,0
261,21:45:00,7142,internal_destination,E,T,19.000000,0
261,21:45:00,7142,internal_destination,E,R,6.000000,0
261,21:45:00,7142,external_origin,W,L,4.000000,0
261,21:45:00,7142,external_origin,W,T,24.000000,0
261,21:45:00,7142,external_origin,W,R,4.000000,0
261,21:45:00,7142,external_origin,N,L,6.000000,0
261,21:45:00,7142,external_origin,N,T,20.000000,0
261,21:45:00,7142,external_origin,N,TR,11.000000,0
261,21:45:00,7142,external_origin,S,L,5.000000,0
261,21:45:00,7142,external_origin,S,T,16.000000,0
261,21:45:00,7142,external_origin,S,TR,15.000000,0
262,21:50:00,7243,external_origin,E,L,1.000000,0
262,21:50:00,7243,external_origin,E,T,15.000000,0
262,21:50:00,7243,external_origin,E,TR,6.000000,0
262,21:50:00,7243,internal_destination,W,T,20.000000,0
262,21:50:00,7243,internal_destination,W,TR,11.000000,0
262,21:50:00,7243,external_origin,N,L,0.000000,0
262,21:50:00,7243,external_origin,N,TR,5.000000,0
262,21:50:00,7243,external_origin,S,L,3.000000,0
262,21:50:00,7243,external_origin,S,TR,7.000000,0
262,21:50:00,7142,internal_destination,E,L,3.000000,0
262,21:50:00,7142,internal_destination,E,T,16.000000,0
262,21:50:00,7142,internal_destination,E,R,6.000000,0
262,21:50:00,7142,external_origin,W,L,4.000000,0
262,21:50:00,7142,external_origin,W,T,22.000000,0
262,21:50:00,7142,external_origin,W,R,4.000000,0
262,21:50:00,7142,external_origin,N,L,6.000000,0
262,21:50:00,7142,external_origin,N,T,21.000000,0
262,21:50:00,7142,external_origin,N,TR,11.000000,0
262,21:50:00,7142,external_origin,S,L,6.000000,0
262,21:50:00,7142,external_origin,S,T,15.000000,0
262,21:50:00,7142,external_origin,S,TR,16.000000,0
263,21:55:00,7243,external_origin,E,L,2.000000,0
263,21:55:00,7243,external_origin,E,T,18.000000,0
263,21:55:00,7243,external_origin,E,TR,7.000000,0
263,21:55:00,7243,internal_destination,W,T,22.000000,0
263,21:55:00,7243,internal_destination,W,TR,10.000000,0
263,21:55:00,7243,external_origin,N,L,0.000000,0
263,21:55:00,7243,external_origin,N,TR,4.000000,0
263,21:55:00,7243,external_origin,S,L,3.000000,0
263,21:55:00,7243,external_origin,S,TR,8.000000,0
263,21:55:00,7142,internal_destination,E,L,3.000000,0
263,21:55:00,7142,internal_destination,E,T,16.000000,0
263,21:55:00,7142,internal_destination,E,R,6.000000,0
263,21:55:00,7142,external_origin,W,L,3.000000,0
263,21:55:00,7142,external_origin,W,T,22.000000,0
263,21:55:00,7142,external_origin,W,R,5.000000,0
263,21:55:00,7142,external_origin,N,L,6.000000,0
263,21:55:00,7142,external_origin,N,T,20.000000,0
263,21:55:00,7142,external_origin,N,TR,10.000000,0
263,21:55:00,7142,external_origin,S,L,6.000000,0
263,21:55:00,7142,external_origin,S,T,14.000000,0
263,21:55:00,7142,external_origin,S,TR,15.000000,0
264,22:00:00,7243,external_origin,E,L,1.000000,0
264,22:00:00,7243,external_origin,E,T,18.000000,0
264,22:00:00,7243,external_origin,E,TR,6.000000,0
264,22:00:00,7243,internal_destination,W,T,23.000000,0
264,22:00:00,7243,internal_destination,W,TR,14.000000,0
264,22:00:00,7243,external_origin,N,L,0.000000,0
264,22:00:00,7243,external_origin,N,TR,4.000000,0
264,22:00:00,7243,external_origin,S,L,2.000000,0
264,22:00:00,7243,external_origin,S,TR,7.000000,0
264,22:00:00,7142,internal_destination,E,L,3.000000,0
264,22:00:00,7142,internal_destination,E,T,18.000000,0
264,22:00:00,7142,internal_destination,E,R,5.000000,0
264,22:00:00,7142,external_origin,W,L,5.000000,0
264,22:00:00,7142,external_origin,W,T,23.000000,0
264,22:00:00,7142,external_origin,W,R,5.000000,0
264,22:00:00,7142,external_origin,N,L,4.000000,0
264,22:00:00,7142,external_origin,N,T,13.000000,0
264,22:00:00,7142,external_origin,N,TR,7.000000,0
264,22:00:00,7142,external_origin,S,L,5.000000,0
264,22:00:00,7142,external_origin,S,T,13.000000,0
264,22:00:00,7142,external_origin,S,TR,13.000000,0
265,22:05:00,7243,external_origin,E,L,1.000000,0
265,22:05:00,7243,external_origin,E,T,14.000000,0
265,22:05:00,7243,external_origin,E,TR,5.000000,0
265,22:05:00,7243,internal_destination,W,T,23.000000,0
265,22:05:00,7243,internal_destination,W,TR,12.000000,0
265,22:05:00,7243,external_origin,N,L,0.000000,0
265,22:05:00,7243,external_origin,N,TR,3.000000,0
265,22:05:00,7243,external_origin,S,L,2.000000,0
265,22:05:00,7243,external_origin,S,TR,6.000000,0
265,22:05:00,7142,internal_destination,E,L,3.000000,0
265,22:05:00,7142,internal_destination,E,T,14.000000,0
265,22:05:00,7142,internal_destination,E,R,4.000000,0
265,22:05:00,7142,external_origin,W,L,4.000000,0
265,22:05:00,7142,external_origin,W,T,27.000000,0
265,22:05:00,7142,external_origin,W,R,4.000000,0
265,22:05:00,7142,external_origin,N,L,5.000000,0
265,22:05:00,7142,external_origin,N,T,15.000000,0
265,22:05:00,7142,external_origin,N,TR,9.000000,0
265,22:05:00,7142,external_origin,S,L,5.000000,0
265,22:05:00,7142,external_origin,S,T,12.000000,0
265,22:05:00,7142,external_origin,S,TR,14.000000,0
266,22:10:00,7243,external_origin,E,L,1.000000,0
266,22:10:00,7243,external_origin,E,T,17.000000,0
266,22:10:00,7243,external_origin,E,TR,6.000000,0
266,22:10:00,7243,internal_destination,W,T,22.000000,0
266,22:10:00,7243,internal_destination,W,TR,10.000000,0
266,22:10:00,7243,external_origin,N,L,0.000000,0
266,22:10:00,7243,external_origin,N,TR,4.000000,0
266,22:10:00,7243,external_origin,S,L,4.000000,0
266,22:10:00,7243,external_origin,S,TR,7.000000,0
266,22:10:00,7142,internal_destination,E,L,2.000000,0
266,22:10:00,7142,internal_destination,E,T,15.000000,0
266,22:10:00,7142,internal_destination,E,R,4.000000,0
266,22:10:00,7142,external_origin,W,L,4.000000,0
266,22:10:00,7142,external_origin,W,T,23.000000,0
266,22:10:00,7142,external_origin,W,R,5.000000,0
266,22:10:00,7142,external_origin,N,L,6.000000,0
266,22:10:00,7142,external_origin,N,T,19.000000,0
266,22:10:00,7142,external_origin,N,TR,11.000000,0
266,22:10:00,7142,external_origin,S,L,4.000000,0
266,22:10:00,7142,external_origin,S,T,14.000000,0
266,22:10:00,7142,external_origin,S,TR,16.000000,0
267,22:15:00,7243,external_origin,E,L,1.000000,0
267,22:15:00,7243,external_origin,E,T,14.000000,0
267,22:15:00,7243,external_origin,E,TR,5.000000,0
267,22:15:00,7243,internal_destination,W,T,24.000000,0
267,22:15:00,7243,internal_destination,W,TR,10.000000,0
267,22:15:00,7243,external_origin,N,L,0.000000,0
267,22:15:00,7243,external_origin,N,TR,3.000000,0
267,22:15:00,7243,external_origin,S,L,2.000000,0
267,22:15:00,7243,external_origin,S,TR,7.000000,0
267,22:15:00,7142,internal_destination,E,L,2.000000,0
267,22:15:00,7142,internal_destination,E,T,13.000000,0
267,22:15:00,7142,internal_destination,E,R,4.000000,0
267,22:15:00,7142,external_origin,W,L,3.000000,0
267,22:15:00,7142,external_origin,W,T,19.000000,0
267,22:15:00,7142,external_origin,W,R,4.000000,0
267,22:15:00,7142,external_origin,N,L,5.000000,0
267,22:15:00,7142,external_origin,N,T,17.000000,0
267,22:15:00,7142,external_origin,N,TR,9.000000,0
267,22:15:00,7142,external_origin,S,L,5.000000,0
267,22:15:00,7142,external_origin,S,T,13.000000,0
267,22:15:00,7142,external_origin,S,TR,14.000000,0
268,22:20:00,7243,external_origin,E,L,1.000000,0
268,22:20:00,7243,external_origin,E,T,14.000000,0
268,22:20:00,7243,external_origin,E,TR,4.000000,0
268,22:20:00,7243,internal_destination,W,T,23.000000,0
268,22:20:00,7243,internal_destination,W,TR,10.000000,0
268,22:20:00,7243,external_origin,N,L,0.000000,0
268,22:20:00,7243,external_origin,N,TR,4.000000,0
268,22:20:00,7243,external_origin,S,L,2.000000,0
268,22:20:00,7243,external_origin,S,TR,5.000000,0
268,22:20:00,7142,internal_destination,E,L,2.000000,0
268,22:20:00,7142,internal_destination,E,T,15.000000,0
268,22:20:00,7142,internal_destination,E,R,4.000000,0
268,22:20:00,7142,external_origin,W,L,3.000000,0
268,22:20:00,7142,external_origin,W,T,21.000000,0
268,22:20:00,7142,external_origin,W,R,3.000000,0
268,22:20:00,7142,external_origin,N,L,5.000000,0
268,22:20:00,7142,external_origin,N,T,17.000000,0
268,22:20:00,7142,external_origin,N,TR,9.000000,0
268,22:20:00,7142,external_origin,S,L,4.000000,0
268,22:20:00,7142,external_origin,S,T,12.000000,0
268,22:20:00,7142,external_origin,S,TR,12.000000,0
269,22:25:00,7243,external_origin,E,L,1.000000,0
269,22:25:00,7243,external_origin,E,T,12.000000,0
269,22:25:00,7243,external_origin,E,TR,3.000000,0
269,22:25:00,7243,internal_destination,W,T,17.000000,0
269,22:25:00,7243,internal_destination,W,TR,8.000000,0
269,22:25:00,7243,external_origin,N,L,0.000000,0
269,22:25:00,7243,external_origin,N,TR,3.000000,0
269,22:25:00,7243,external_origin,S,L,3.000000,0
269,22:25:00,7243,external_origin,S,TR,5.000000,0
269,22:25:00,7142,internal_destination,E,L,2.000000,0
269,22:25:00,7142,internal_destination,E,T,12.000000,0
269,22:25:00,7142,internal_destination,E,R,4.000000,0
269,22:25:00,7142,external_origin,W,L,3.000000,0
269,22:25:00,7142,external_origin,W,T,21.000000,0
269,22:25:00,7142,external_origin,W,R,4.000000,0
269,22:25:00,7142,external_origin,N,L,3.000000,0
269,22:25:00,7142,external_origin,N,T,12.000000,0
269,22:25:00,7142,external_origin,N,TR,7.000000,0
269,22:25:00,7142,external_origin,S,L,4.000000,0
269,22:25:00,7142,external_origin,S,T,9.000000,0
269,22:25:00,7142,external_origin,S,TR,11.000000,0
270,22:30:00,7243,external_origin,E,L,1.000000,0
270,22:30:00,7243,external_origin,E,T,13.000000,0
270,22:30:00,7243,external_origin,E,TR,4.000000,0
270,22:30:00,7243,internal_destination,W,T,17.000000,0
270,22:30:00,7243,internal_destination,W,TR,8.000000,0
270,22:30:00,7243,external_origin,N,L,0.000000,0
270,22:30:00,7243,external_origin,N,TR,2.000000,0
270,22:30:00,7243,external_origin,S,L,2.000000,0
270,22:30:00,7243,external_origin,S,TR,6.000000,0
270,22:30:00,7142,internal_destination,E,L,3.000000,0
270,22:30:00,7142,internal_destination,E,T,14.000000,0
270,22:30:00,7142,internal_destination,E,R,3.000000,0
270,22:30:00,7142,external_origin,W,L,4.000000,0
270,22:30:00,7142,external_origin,W,T,20.000000,0
270,22:30:00,7142,external_origin,W,R,3.000000,0
270,22:30:00,7142,external_origin,N,L,5.000000,0
270,22:30:00,7142,external_origin,N,T,15.000000,0
270,22:30:00,7142,external_origin,N,TR,8.000000,0
270,22:30:00,7142,external_origin,S,L,4.000000,0
270,22:30:00,7142,external_origin,S,T,11.000000,0
270,22:30:00,7142,external_origin,S,TR,12.000000,0
271,22:35:00,7243,external_origin,E,L,1.000000,0
271,22:35:00,7243,external_origin,E,T,14.000000,0
271,22:35:00,7243,external_origin,E,TR,5.000000,0
271,22:35:00,7243,internal_destination,W,T,20.000000,0
271,22:35:00,7243,internal_destination,W,TR,9.000000,0
271,22:35:00,7243,external_origin,N,L,0.000000,0
271,22:35:00,7243,external_origin,N,TR,3.000000,0
271,22:35:00,7243,external_origin,S,L,2.000000,0
271,22:35:00,7243,external_origin,S,TR,5.000000,0
271,22:35:00,7142,internal_destination,E,L,2.000000,0
271,22:35:00,7142,internal_destination,E,T,12.000000,0
271,22:35:00,7142,internal_destination,E,R,3.000000,0
271,22:35:00,7142,external_origin,W,L,3.000000,0
271,22:35:00,7142,external_origin,W,T,18.000000,0
271,22:35:00,7142,external_origin,W,R,4.000000,0
271,22:35:00,7142,external_origin,N,L,5.000000,0
271,22:35:00,7142,external_origin,N,T,17.000000,0
271,22:35:00,7142,external_origin,N,TR,9.000000,0
271,22:35:00,7142,external_origin,S,L,5.000000,0
271,22:35:00,7142,external_origin,S,T,13.000000,0
271,22:35:00,7142,external_origin,S,TR,14.000000,0
272,22:40:00,7243,external_origin,E,L,1.000000,0
272,22:40:00,7243,external_origin,E,T,14.000000,0
272,22:40:00,7243,external_origin,E,TR,5.000000,0
272,22:40:00,7243,internal_destination,W,T,18.000000,0
272,22:40:00,7243,internal_destination,W,TR,9.000000,0
272,22:40:00,7243,external_origin,N,L,0.000000,0
272,22:40:00,7243,external_origin,N,TR,2.000000,0
272,22:40:00,7243,external_origin,S,L,3.000000,0
272,22:40:00,7243,external_origin,S,TR,6.000000,0
272,22:40:00,7142,internal_destination,E,L,2.000000,0
272,22:40:00,7142,internal_destination,E,T,12.000000,0
272,22:40:00,7142,internal_destination,E,R,4.000000,0
272,22:40:00,7142,external_origin,W,L,2.000000,0
272,22:40:00,7142,external_origin,W,T,16.000000,0
272,22:40:00,7142,external_origin,W,R,3.000000,0
272,22:40:00,7142,external_origin,N,L,4.000000,0
272,22:40:00,7142,external_origin,N,T,15.000000,0
272,22:40:00,7142,external_origin,N,TR,8.000000,0
272,22:40:00,7142,external_origin,S,L,4.000000,0
272,22:40:00,7142,external_origin,S,T,12.000000,0
272,22:40:00,7142,external_origin,S,TR,11.000000,0
273,22:45:00,7243,external_origin,E,L,1.000000,0
273,22:45:00,7243,external_origin,E,T,13.000000,0
273,22:45:00,7243,external_origin,E,TR,5.000000,0
273,22:45:00,7243,internal_destination,W,T,17.000000,0
273,22:45:00,7243,internal_destination,W,TR,9.000000,0
273,22:45:00,7243,external_origin,N,L,0.000000,0
273,22:45:00,7243,external_origin,N,TR,3.000000,0
273,22:45:00,7243,external_origin,S,L,2.000000,0
273,22:45:00,7243,external_origin,S,TR,4.000000,0
273,22:45:00,7142,internal_destination,E,L,2.000000,0
273,22:45:00,7142,internal_destination,E,T,14.000000,0
273,22:45:00,7142,internal_destination,E,R,4.000000,0
273,22:45:00,7142,external_origin,W,L,3.000000,0
273,22:45:00,7142,external_origin,W,T,17.000000,0
273,22:45:00,7142,external_origin,W,R,3.000000,0
273,22:45:00,7142,external_origin,N,L,3.000000,0
273,22:45:00,7142,external_origin,N,T,13.000000,0
273,22:45:00,7142,external_origin,N,TR,6.000000,0
273,22:45:00,7142,external_origin,S,L,4.000000,0
273,22:45:00,7142,external_origin,S,T,10.000000,0
273,22:45:00,7142,external_origin,S,TR,12.000000,0
274,22:50:00,7243,external_origin,E,L,1.000000,0
274,22:50:00,7243,external_origin,E,T,13.000000,0
274,22:50:00,7243,external_origin,E,TR,4.000000,0
274,22:50:00,7243,internal_destination,W,T,16.000000,0
274,22:50:00,7243,internal_destination,W,TR,8.000000,0
274,22:50:00,7243,external_origin,N,L,0.000000,0
274,22:50:00,7243,external_origin,N,TR,3.000000,0
274,22:50:00,7243,external_origin,S,L,2.000000,0
274,22:50:00,7243,external_origin,S,TR,5.000000,0
274,22:50:00,7142,internal_destination,E,L,2.000000,0
274,22:50:00,7142,internal_destination,E,T,12.000000,0
274,22:50:00,7142,internal_destination,E,R,3.000000,0
274,22:50:00,7142,external_origin,W,L,3.000000,0
274,22:50:00,7142,external_origin,W,T,16.000000,0
274,22:50:00,7142,external_origin,W,R,3.000000,0
274,22:50:00,7142,external_origin,N,L,4.000000,0
274,22:50:00,7142,external_origin,N,T,13.000000,0
274,22:50:00,7142,external_origin,N,TR,8.000000,0
274,22:50:00,7142,external_origin,S,L,3.000000,0
274,22:50:00,7142,external_origin,S,T,9.000000,0
274,22:50:00,7142,external_origin,S,TR,10.000000,0
275,22:55:00,7243,external_origin,E,L,1.000000,0
275,22:55:00,7243,external_origin,E,T,10.000000,0
275,22:55:00,7243,external_origin,E,TR,4.000000,0
275,22:55:00,7243,internal_destination,W,T,14.000000,0
275,22:55:00,7243,internal_destination,W,TR,7.000000,0
275,22:55:00,7243,external_origin,N,L,0.000000,0
275,22:55:00,7243,external_origin,N,TR,2.000000,0
275,22:55:00,7243,external_origin,S,L,3.000000,0
275,22:55:00,7243,external_origin,S,TR,5.000000,0
275,22:55:00,7142,internal_destination,E,L,2.000000,0
275,22:55:00,7142,internal_destination,E,T,9.000000,0
275,22:55:00,7142,internal_destination,E,R,2.000000,0
275,22:55:00,7142,external_origin,W,L,3.000000,0
275,22:55:00,7142,external_origin,W,T,15.000000,0
275,22:55:00,7142,external_origin,W,R,3.000000,0
275,22:55:00,7142,external_origin,N,L,4.000000,0
275,22:55:00,7142,external_origin,N,T,12.000000,0
275,22:55:00,7142,external_origin,N,TR,7.000000,0
275,22:55:00,7142,external_origin,S,L,3.000000,0
275,22:55:00,7142,external_origin,S,T,9.000000,0
275,22:55:00,7142,external_origin,S,TR,10.000000,0
276,23:00:00,7243,external_origin,E,L,1.000000,0
276,23:00:00,7243,external_origin,E,T,10.000000,0
276,23:00:00,7243,external_origin,E,TR,4.000000,0
276,23:00:00,7243,internal_destination,W,T,15.000000,0
276,23:00:00,7243,internal_destination,W,TR,5.000000,0
276,23:00:00,7243,external_origin,N,L,0.000000,0
276,23:00:00,7243,external_origin,N,TR,3.000000,0
276,23:00:00,7243,external_origin,S,L,2.000000,0
276,23:00:00,7243,external_origin,S,TR,4.000000,0
276,23:00:00,7142,internal_destination,E,L,1.000000,0
276,23:00:00,7142,internal_destination,E,T,10.000000,0
276,23:00:00,7142,internal_destination,E,R,3.000000,0
276,23:00:00,7142,external_origin,W,L,3.000000,0
276,23:00:00,7142,external_origin,W,T,11.000000,0
276,23:00:00,7142,external_origin,W,R,2.000000,0
276,23:00:00,7142,external_origin,N,L,4.000000,0
276,23:00:00,7142,external_origin,N,T,11.000000,0
276,23:00:00,7142,external_origin,N,TR,6.000000,0
276,23:00:00,7142,external_origin,S,L,3.000000,0
276,23:00:00,7142,external_origin,S,T,10.000000,0
276,23:00:00,7142,external_origin,S,TR,9.000000,0
277,23:05:00,7243,external_origin,E,L,1.000000,0
277,23:05:00,7243,external_origin,E,T,11.000000,0
277,23:05:00,7243,external_origin,E,TR,4.000000,0
277,23:05:00,7243,internal_destination,W,T,16.000000,0
277,23:05:00,7243,internal_destination,W,TR,7.000000,0
277,23:05:00,7243,external_origin,N,L,0.000000,0
277,23:05:00,7243,external_origin,N,TR,2.000000,0
277,23:05:00,7243,external_origin,S,L,2.000000,0
277,23:05:00,7243,external_origin,S,TR,4.000000,0
277,23:05:00,7142,internal_destination,E,L,1.000000,0
277,23:05:00,7142,internal_destination,E,T,11.000000,0
277,23:05:00,7142,internal_destination,E,R,3.000000,0
277,23:05:00,7142,external_origin,W,L,3.000000,0
277,23:05:00,7142,external_origin,W,T,14.000000,0
277,23:05:00,7142,external_origin,W,R,2.000000,0
277,23:05:00,7142,external_origin,N,L,3.000000,0
277,23:05:00,7142,external_origin,N,T,11.000000,0
277,23:05:00,7142,external_origin,N,TR,8.000000,0
277,23:05:00,7142,external_origin,S,L,3.000000,0
277,23:05:00,7142,external_origin,S,T,10.000000,0
277,23:05:00,7142,external_origin,S,TR,10.000000,0
278,23:10:00,7243,external_origin,E,L,1.000000,0
278,23:10:00,7243,external_origin,E,T,10.000000,0
278,23:10:00,7243,external_origin,E,TR,3.000000,0
278,23:10:00,7243,internal_destination,W,T,14.000000,0
278,23:10:00,7243,internal_destination,W,TR,6.000000,0
278,23:10:00,7243,external_origin,N,L,1.000000,0
278,23:10:00,7243,external_origin,N,TR,3.000000,0
278,23:10:00,7243,external_origin,S,L,3.000000,0
278,23:10:00,7243,external_origin,S,TR,5.000000,0
278,23:10:00,7142,internal_destination,E,L,2.000000,0
278,23:10:00,7142,internal_destination,E,T,9.000000,0
278,23:10:00,7142,internal_destination,E,R,3.000000,0
278,23:10:00,7142,external_origin,W,L,3.000000,0
278,23:10:00,7142,external_origin,W,T,13.000000,0
278,23:10:00,7142,external_origin,W,R,3.000000,0
278,23:10:00,7142,external_origin,N,L,2.000000,0
278,23:10:00,7142,external_origin,N,T,8.000000,0
278,23:10:00,7142,external_origin,N,TR,5.000000,0
278,23:10:00,7142,external_origin,S,L,2.000000,0
278,23:10:00,7142,external_origin,S,T,7.000000,0
278,23:10:00,7142,external_origin,S,TR,7.000000,0
279,23:15:00,7243,external_origin,E,L,1.000000,0
279,23:15:00,7243,external_origin,E,T,10.000000,0
279,23:15:00,7243,external_origin,E,TR,3.000000,0
279,23:15:00,7243,internal_destination,W,T,13.000000,0
279,23:15:00,7243,internal_destination,W,TR,6.000000,0
279,23:15:00,7243,external_origin,N,L,0.000000,0
279,23:15:00,7243,external_origin,N,TR,2.000000,0
279,23:15:00,7243,external_origin,S,L,1.000000,0
279,23:15:00,7243,external_origin,S,TR,3.000000,0
279,23:15:00,7142,internal_destination,E,L,2.000000,0
279,23:15:00,7142,internal_destination,E,T,9.000000,0
279,23:15:00,7142,internal_destination,E,R,3.000000,0
279,23:15:00,7142,external_origin,W,L,3.000000,0
279,23:15:00,7142,external_origin,W,T,13.000000,0
279,23:15:00,7142,external_origin,W,R,3.000000,0
279,23:15:00,7142,external_origin,N,L,3.000000,0
279,23:15:00,7142,external_origin,N,T,12.000000,0
279,23:15:00,7142,external_origin,N,TR,6.000000,0
279,23:15:00,7142,external_origin,S,L,3.000000,0
279,23:15:00,7142,external_origin,S,T,7.000000,0
279,23:15:00,7142,external_origin,S,TR,9.000000,0
280,23:20:00,7243,external_origin,E,L,1.000000,0
280,23:20:00,7243,external_origin,E,T,10.000000,0
280,23:20:00,7243,external_origin,E,TR,3.000000,0
280,23:20:00,7243,internal_destination,W,T,12.000000,0
280,23:20:00,7243,internal_destination,W,TR,5.000000,0
280,23:20:00,7243,external_origin,N,L,0.000000,0
280,23:20:00,7243,external_origin,N,TR,2.000000,0
280,23:20:00,7243,external_origin,S,L,2.000000,0
280,23:20:00,7243,external_origin,S,TR,2.000000,0
280,23:20:00,7142,internal_destination,E,L,1.000000,0
280,23:20:00,7142,internal_destination,E,T,9.000000,0
280,23:20:00,7142,internal_destination,E,R,2.000000,0
280,23:20:00,7142,external_origin,W,L,3.000000,0
280,23:20:00,7142,external_origin,W,T,13.000000,0
280,23:20:00,7142,external_origin,W,R,2.000000,0
280,23:20:00,7142,external_origin,N,L,4.000000,0
280,23:20:00,7142,external_origin,N,T,10.000000,0
280,23:20:00,7142,external_origin,N,TR,6.000000,0
280,23:20:00,7142,external_origin,S,L,3.000000,0
280,23:20:00,7142,external_origin,S,T,8.000000,0
280,23:20:00,7142,external_origin,S,TR,8.000000,0
281,23:25:00,7243,external_origin,E,L,1.000000,0
281,23:25:00,7243,external_origin,E,T,9.000000,0
281,23:25:00,7243,external_origin,E,TR,3.000000,0
281,23:25:00,7243,internal_destination,W,T,15.000000,0
281,23:25:00,7243,internal_destination,W,TR,7.000000,0
281,23:25:00,7243,external_origin,N,L,0.000000,0
281,23:25:00,7243,external_origin,N,TR,2.000000,0
281,23:25:00,7243,external_origin,S,L,3.000000,0
281,23:25:00,7243,external_origin,S,TR,4.000000,0
281,23:25:00,7142,internal_destination,E,L,1.000000,0
281,23:25:00,7142,internal_destination,E,T,9.000000,0
281,23:25:00,7142,internal_destination,E,R,3.000000,0
281,23:25:00,7142,external_origin,W,L,2.000000,0
281,23:25:00,7142,external_origin,W,T,12.000000,0
281,23:25:00,7142,external_origin,W,R,2.000000,0
281,23:25:00,7142,external_origin,N,L,3.000000,0
281,23:25:00,7142,external_origin,N,T,11.000000,0
281,23:25:00,7142,external_origin,N,TR,6.000000,0
281,23:25:00,7142,external_origin,S,L,3.000000,0
281,23:25:00,7142,external_origin,S,T,9.000000,0
281,23:25:00,7142,external_origin,S,TR,8.000000,0
282,23:30:00,7243,external_origin,E,L,1.000000,0
282,23:30:00,7243,external_origin,E,T,8.000000,0
282,23:30:00,7243,external_origin,E,TR,3.000000,0
282,23:30:00,7243,internal_destination,W,T,13.000000,0
282,23:30:00,7243,internal_destination,W,TR,5.000000,0
282,23:30:00,7243,external_origin,N,L,0.000000,0
282,23:30:00,7243,external_origin,N,TR,2.000000,0
282,23:30:00,7243,external_origin,S,L,1.000000,0
282,23:30:00,7243,external_origin,S,TR,3.000000,0
282,23:30:00,7142,internal_destination,E,L,1.000000,0
282,23:30:00,7142,internal_destination,E,T,9.000000,0
282,23:30:00,7142,internal_destination,E,R,2.000000,0
282,23:30:00,7142,external_origin,W,L,3.000000,0
282,23:30:00,7142,external_origin,W,T,12.000000,0
282,23:30:00,7142,external_origin,W,R,2.000000,0
282,23:30:00,7142,external_origin,N,L,2.000000,0
282,23:30:00,7142,external_origin,N,T,8.000000,0
282,23:30:00,7142,external_origin,N,TR,4.000000,0
282,23:30:00,7142,external_origin,S,L,3.000000,0
282,23:30:00,7142,external_origin,S,T,7.000000,0
282,23:30:00,7142,external_origin,S,TR,7.000000,0
283,23:35:00,7243,external_origin,E,L,1.000000,0
283,23:35:00,7243,external_origin,E,T,9.000000,0
283,23:35:00,7243,external_origin,E,TR,3.000000,0
283,23:35:00,7243,internal_destination,W,T,18.000000,0
283,23:35:00,7243,internal_destination,W,TR,7.000000,0
283,23:35:00,7243,external_origin,N,L,0.000000,0
283,23:35:00,7243,external_origin,N,TR,2.000000,0
283,23:35:00,7243,external_origin,S,L,1.000000,0
283,23:35:00,7243,external_origin,S,TR,3.000000,0
283,23:35:00,7142,internal_destination,E,L,2.000000,0
283,23:35:00,7142,internal_destination,E,T,8.000000,0
283,23:35:00,7142,internal_destination,E,R,3.000000,0
283,23:35:00,7142,external_origin,W,L,2.000000,0
283,23:35:00,7142,external_origin,W,T,16.000000,0
283,23:35:00,7142,external_origin,W,R,2.000000,0
283,23:35:00,7142,external_origin,N,L,2.000000,0
283,23:35:00,7142,external_origin,N,T,6.000000,0
283,23:35:00,7142,external_origin,N,TR,4.000000,0
283,23:35:00,7142,external_origin,S,L,2.000000,0
283,23:35:00,7142,external_origin,S,T,6.000000,0
283,23:35:00,7142,external_origin,S,TR,6.000000,0
284,23:40:00,7243,external_origin,E,L,1.000000,0
284,23:40:00,7243,external_origin,E,T,8.000000,0
284,23:40:00,7243,external_origin,E,TR,3.000000,0
284,23:40:00,7243,internal_destination,W,T,13.000000,0
284,23:40:00,7243,internal_destination,W,TR,6.000000,0
284,23:40:00,7243,external_origin,N,L,0.000000,0
284,23:40:00,7243,external_origin,N,TR,2.000000,0
284,23:40:00,7243,external_origin,S,L,1.000000,0
284,23:40:00,7243,external_origin,S,TR,3.000000,0
284,23:40:00,7142,internal_destination,E,L,2.000000,0
284,23:40:00,7142,internal_destination,E,T,7.000000,0
284,23:40:00,7142,internal_destination,E,R,3.000000,0
284,23:40:00,7142,external_origin,W,L,3.000000,0
284,23:40:00,7142,external_origin,W,T,13.000000,0
284,23:40:00,7142,external_origin,W,R,2.000000,0
284,23:40:00,7142,external_origin,N,L,3.000000,0
284,23:40:00,7142,external_origin,N,T,9.000000,0
284,23:40:00,7142,external_origin,N,TR,5.000000,0
284,23:40:00,7142,external_origin,S,L,2.000000,0
284,23:40:00,7142,external_origin,S,T,7.000000,0
284,23:40:00,7142,external_origin,S,TR,8.000000,0
285,23:45:00,7243,external_origin,E,L,1.000000,0
285,23:45:00,7243,external_origin,E,T,7.000000,0
285,23:45:00,7243,external_origin,E,TR,3.000000,0
285,23:45:00,7243,internal_destination,W,T,11.000000,0
285,23:45:00,7243,internal_destination,W,TR,6.000000,0
285,23:45:00,7243,external_origin,N,L,0.000000,0
285,23:45:00,7243,external_origin,N,TR,2.000000,0
285,23:45:00,7243,external_origin,S,L,1.000000,0
285,23:45:00,7243,external_origin,S,TR,3.000000,0
285,23:45:00,7142,internal_destination,E,L,1.000000,0
285,23:45:00,7142,internal_destination,E,T,7.000000,0
285,23:45:00,7142,internal_destination,E,R,2.000000,0
285,23:45:00,7142,external_origin,W,L,1.000000,0
285,23:45:00,7142,external_origin,W,T,10.000000,0
285,23:45:00,7142,external_origin,W,R,2.000000,0
285,23:45:00,7142,external_origin,N,L,3.000000,0
285,23:45:00,7142,external_origin,N,T,8.000000,0
285,23:45:00,7142,external_origin,N,TR,5.000000,0
285,23:45:00,7142,external_origin,S,L,2.000000,0
285,23:45:00,7142,external_origin,S,T,6.000000,0
285,23:45:00,7142,external_origin,S,TR,6.000000,0
286,23:50:00,7243,external_origin,E,L,1.000000,0
286,23:50:00,7243,external_origin,E,T,8.000000,0
286,23:50:00,7243,external_origin,E,TR,2.000000,0
286,23:50:00,7243,internal_destination,W,T,12.000000,0
286,23:50:00,7243,internal_destination,W,TR,5.000000,0
286,23:50:00,7243,external_origin,N,L,0.000000,0
286,23:50:00,7243,external_origin,N,TR,2.000000,0
286,23:50:00,7243,external_origin,S,L,2.000000,0
286,23:50:00,7243,external_origin,S,TR,2.000000,0
286,23:50:00,7142,internal_destination,E,L,1.000000,0
286,23:50:00,7142,internal_destination,E,T,7.000000,0
286,23:50:00,7142,internal_destination,E,R,2.000000,0
286,23:50:00,7142,external_origin,W,L,1.000000,0
286,23:50:00,7142,external_origin,W,T,10.000000,0
286,23:50:00,7142,external_origin,W,R,2.000000,0
286,23:50:00,7142,external_origin,N,L,2.000000,0
286,23:50:00,7142,external_origin,N,T,8.000000,0
286,23:50:00,7142,external_origin,N,TR,4.000000,0
286,23:50:00,7142,external_origin,S,L,3.000000,0
286,23:50:00,7142,external_origin,S,T,6.000000,0
286,23:50:00,7142,external_origin,S,TR,6.000000,0
287,23:55:00,7243,external_origin,E,L,1.000000,0
287,23:55:00,7243,external_origin,E,T,7.000000,0
287,23:55:00,7243,external_origin,E,TR,2.000000,0
287,23:55:00,7243,internal_destination,W,T,11.000000,0
287,23:55:00,7243,internal_destination,W,TR,5.000000,0
287,23:55:00,7243,external_origin,N,L,0.000000,0
287,23:55:00,7243,external_origin,N,TR,1.000000,0
287,23:55:00,7243,external_origin,S,L,1.000000,0
287,23:55:00,7243,external_origin,S,TR,2.000000,0
287,23:55:00,7142,internal_destination,E,L,1.000000,0
287,23:55:00,7142,internal_destination,E,T,8.000000,0
287,23:55:00,7142,internal_destination,E,R,2.000000,0
287,23:55:00,7142,external_origin,W,L,2.000000,0
287,23:55:00,7142,external_origin,W,T,10.000000,0
287,23:55:00,7142,external_origin,W,R,2.000000,0
287,23:55:00,7142,external_origin,N,L,2.000000,0
287,23:55:00,7142,external_origin,N,T,6.000000,0
287,23:55:00,7142,external_origin,N,TR,4.000000,0
287,23:55:00,7142,external_origin,S,L,2.000000,0
287,23:55:00,7142,external_origin,S,T,6.000000,0
287,23:55:00,7142,external_origin,S,TR,6.000000,0
